7oku <tk@gl-systemhaus.de>, 28eb96f2aadd08ebeaf38e847183f01c8356ddbe
Aamir Khan <syst3m.w0rm@gmail.com>, cbde182b34294f858c809ebd4807fdb8f32d8911
Aaron Bell <aaron.bell@gmail.com>, 
Aaron Levy <aaron.levy@coreos.com>, e991a1543f441de534b3bc39d93e4d57dc6ce5f2
Abhi Shah <abshah@google.com>, c28b68d254899b4d1095885bf2d213e620157630
Abhishek Gupta <abhgupta@redhat.com>, c203117e42bed057782dc80992b811e584b2f741
Abhishek Shah <abshah@google.com>, b6b8e993937b8a3f21d41a9a3841f79bfa894f36
Ács Sándor <acs.sandor@ustream.tv>, a2572514e379bd70c86b1fc8b72887256ba0ed2b
Adam Durana <adam@nine.net>, 7554432f774e71474a4062ac6442760a2d2b11f5
Adam Dymitruk <adam@dymitruk.com>, e94b5616237b5d32e789b909db0e9603f9242c09
Adam Sunderland <iterion@gmail.com>, 75674e7f4b13e1053bf494d5f6e12ea79d376a24
Aditya Patawari <aditya@adityapatawari.com>, f86af137e0e17357bbb97e85053638d9dd562adf
Adnan Hajdarević <adnanh@gmail.com>, 6939fa66161910302fa545203dcf297e963fa77e
Ahmet Alp Balkan <ahmetalpbalkan@gmail.com>, cf58b7283a4ef1fdb0b55af51c8d0a08ebe0f2a8
Akram Ben Aissi <akram.benaissi@gmail.com>, a788002d0d6b6df7836c27ed89737465c5b8083f
akramer <adam@the-kramers.net>, 5f44175dc4ce29d4541c72d8fa7d058dc61cedb6
Akshay Aurora <akshayaurora@yahoo.com>, 789e50439b8ce41210f41ed9f014d2e848258ee6
Alan Williams <alanwill81@gmail.com>, ec399f5ee891e3641ccdccd1980bd9e6e21f90c4
Albert Zhang <zhgwenming@gmail.com>, 0375709fa3945fe00b9f6ea4ade132285e7ead74
Alen Komljen <alen.komljen@live.com>, d83d269c2724a40a46524359d3d2b73b806fe759
alex <alex@cloudware.it>, fb2b15a7976d0a07c71b38b4bc0843a7f835ea40
Alexander Hersh <alexander.hersh@metaswitch.com>, dc35afcada3d70b3267955908f5e669de91f5fc7
Alexander <iam.asm89@gmail.com>, 5b6879a932fa4d939de02aab8438e40d4bd8f60c
Alexandr Lurye <alml@google.com>, 952ff24f0bc58280de86ae8c77bf710044f948a1
Alexandros Mavrogiannis <almavrog@google.com>, d5035a15e08ac3a78beea0b87b74ecc0badf486c
Alex Chan <alex@alexwlchan.net>, 2d1133de980c080d2107bcb188a48b5c65fd3b5f
Alex Crawford <alex.crawford@coreos.com>, 79f14822a921ba0d7175b1807b82470d7c9166e1
Alex Mohr <mohr@google.com>, 8d5fd8fbc277370de0b4f1ecc728036008a35e83
Alex Polvi <alex@polvi.net>, aaa088c9813d2cdfe72c0bc9aaed4c9bf6c70eb8
Alex Robinson <alexdwanerobinson@gmail.com>, 66ff3c133bb3776733dc4bb1e8857fda9c17cd3a
Alex Robinson <arob@google.com>, 746dcb807548271bd06cd4805771e037ac8d9d6d
Alissa Bonas <abonas@redhat.com>, 4a17d0357724fb65e6e26f528edc9fcb9ca5f0bd
Al Tobey <tobert@gmail.com>, 6d09e2943b737b01170604b6700bc652ffe9a6a7
Aly Fulton <sinthetix@users.noreply.github.com>, 6cd493849a785dd5c5c23fe2d955954067bb42a6
Amy Unruh <amy@infosleuth.net>, 22f1b07858db1ccc14d64ff15f3b401d6d588b6e
Amy Unruh <amyu@google.com>, d531f0fd8b691e35aca89525449d054d9ee3409a
Ananya Kumar <skywalker94@gmail.com>, 4a148f99d689639c7b1182a2edd55ba3d91a0395
AnanyaKumar <skywalker94@gmail.com>, d9b85652aed6d1061c04c951770f4844afbedb3e
Anastasis Andronidis <anastasis90@yahoo.gr>, 10747841a07ce22aea19f734bb4f2e9e3dc0b79f
Andrew Gerrand <adg@golang.org>, a9fdf1f6b5801fe282f27d8ea0fcf737943b35e2
Andrew M Bursavich <abursavich@gmail.com>, 4e7f8db3a03ff311188b706c8bd50a668feb1eaa
Andrew Seidl <dev@aas.io>, 8248e6bef65b5a20fa2f1903bff4943925be822f
Andrew Smith <me@andrewmichaelsmith.com>, 1c2cea9c108bd800ac2a7bc0d5a3d3b5eb5d544b
Andrew Watson <andrewmoorewatson@gmail.com>, ffeb642101b79f49b4d19f05328c2c96c2070326
Andrew Williams <williams.andrew@gmail.com>, 5cf483737ed448f728da150dd3835f775da7cd8d
Andriy Yurchuk <ayurchuk@minuteware.net>, 1ff79fdeb0e7277dc1576d55ec90a882a16faac6
Andy Goldstein <agoldste@redhat.com>, c83786979c6fa000aa8d3e35914acdd32643b0ef
Andy Lindeman <andy@operable.io>, ba83a511f224da80b0dda5649361007c429f118d
Andy Zheng <qzheng@google.com>, 9f28e784dc70da9c63322c31939f19f688a190ab
Angus Lees <gus@inodes.org>, 75f49b331aa64b441c1de92fbd137bd0eb221468
Anthony Yeh <enisoc@google.com>, 6a0dec0e994876324e0e186a96ef255dc8869128
Antmanler <antmanler@gmail.com>, de25c0aa640d9969a62cb6a985e953bca04fcb0a
Antoine Cotten <tonio.cotten@gmail.com>, 4f1fe55a9e2556f43fca92174be1db9d84e9f52c
Anton Ilin <anton@ilin.dn.ua>, d9dcd0b626d3065ce3bfe98a45e40a773a835ec9
António Meireles <antonio.meireles@reformi.st>, dfb768eda20877998c498569a37ba947f209ed16
Arsen Mamikonyan <arsen@mamikonyan.am>, 2916101a994849b506816aa88772ab00c5abb94d
arun-gupta <arun.gupta@gmail.com>, fe25b18573249412bbe235333b143bfe49563702
Ashwin Raveendran <ashw7n@gmail.com>, 89d2bb46253a2cf0ab752078ce2a0c71ad94bd5d
Atish <atish@atish.info>, dc51231a893b632625d98c03798fe5f23885bff1
Avesh Agarwal <avagarwa@redhat.com>, 6d6f338fac7f8b7a910ae0f2b92d46c0ee774c86
Avinash Sridharan <avinash.sridharan@gmail.com>, 6960d82c6b18e9de04ddbb191530851c25bd7abd
Balazs Varga <varbalazs@gmail.com>, 3050a7f1e1b00013dfa5f374bf73c49640276a07
BC Broussard <bc@kismatic.io>, 1220d3cf019e0d099da0aecf84d4cee3dc8fa0a7
bdevloed <boris.de.vloed@gmail.com>, 0dbd5bb2a8e516c3b2c09273b3c9f3a10b5618c4
Bearnard Hibbins <bearnard@gmail.com>, 7f0ecb84a729716ba9d3ee22120627a4811f21e7
Benjamen Keroack <benjamen.keroack@dollarshaveclub.com>, 96c5896c747800cef75c6e5e9251fd8aabf7702f
Benjamin Elder <ben.the.elder@gmail.com>, 8446cc9c5077154b8a4e7891f692d329973d7b9e
Benjamin Peterson <benjamin@python.org>, 
Ben McCann <ben@connectifier.com>, 4c199b604ac5f076522a94d61575f0a476c00e0c
Ben Parees <bparees@redhat.com>, 594abd540f417aab4ac28964e4d297137ac5baaf
Benson Kalahar <bensonk@google.com>, 
BenTheElder <ben.the.elder@gmail.com>, 81ab51709a4f6312f79bee7ffe0fa7d338abd750
bgrant0607 <bgrant0607@users.noreply.github.com>, ee0ba6c9229b2251282d7d7f49e6219a1c7f2b1c
Bin Wang <wbin00@gmail.com>, 0547c52c2c11fdcf41d285e76cecd2ccf428ea55
Blake Haggerty <blake.haggerty@rackspace.com>, 2b195514e3da9e98124b895d69a50bac3ac238eb
Bobby Abbott <abbott@squareup.com>, 9a5f43e16d5e43e732e513c2120ebb8db469e158
Brad Wells <bwells@altalang.com>, 0ef6b9eb19ded2925c279dbd4c9714d0ecf168ea
Brandon Davis <brandon.davis@oncenter.com>, a63338b73bf4d53a5a74ce281bfeaa35dcc1fdb1
Brandon Philips <brandon@ifup.org>, 58b1db3787a748af4365b4b4bea53aad85f2e73b
Brendan Burns <bburns@google.com>, 2b3bb335690d77214e2c82dd64cd45e946f0112b
Brendan Burns <brendan.d.burns@gmail.com>, 32071289e63487aade28673131cf4cc3ca25fe47
Brendan Burns <real.cost.info@gmail.com>, 7ded6945c1790a19bf551a4932a5bfafffcb93f4
brendandburns <bburns@google.com>, 3d5f04bfba6475346628685ea751f528a6fbfaa8
brendandburns <brendandburns@users.noreply.github.com>, 0c8d556afb99121e316d564df4732dad04388e82
Brian Akins <brian.akins@coreos.com>, 7b3db82faaace398746f8c78a5dfd635350d2b68
Brian Browning <bwbrowning@gmail.com>, 3831aa704236843144e13d0e03284898aa5cd0fb
Brian Dorsey <briandorsey@google.com>, 
Brian Dorsey <brian@dorseys.org>, a5306feafebf2a987d16d8c566cde8cd1661bcfb
Brian Fallik <baf11@cornell.edu>, 78aa11ac462efc198963618b004769c31c70b88f
Brian Grant <bgrant0607@users.noreply.github.com>, 5450afdabc51876a24b9576b7df54ee149153c69
Brian Grant <briangrant@google.com>, 97e505849f8699811d70e007891dce3f669d2e53
Brian Hong <sungjinhong@devsisters.com>, c91eec7ccee840ed364ac0ad9a5a6b9aa4e4a8e0
Brian Ketelsen <bketelsen@gmail.com>, 83d3da14364f19faa390a403edb114eb0d114ce9
Brian Ketelsen <brian@xor.exchange>, 37dc93549023ef166e0d2fd6ec033bfaafb59753
Brian Lynch <brianlynch@gmail.com>, 79eb0688cbf2c7b9e03bb4b0c7f6864b03481bb4
Brian Morton <brian@xq3.net>, 4d6786a36d8e9d29651ea1a09be66a7d6fdb2601
Brian Rosner <brian@brosner.com>, b1c418ea20a1ea7384547941fe695f06ac33cd53
Brian Waldon <brian.waldon@coreos.com>, 2f87857b0fc0e00e72bd8ece5bb96d9c95296d21
Bryan Stenson <bryan.stenson@gmail.com>, 954141474262881872258fd06faed3191a545d16
Burcu Dogan <jbd@google.com>, 1816a63d55af2938f823ba844331638bcd7c3098
BUSSY Jean-Daniel <SilverSurfer972@gmail.com>, b85f418dc9f01e460f6ee4ad5f4d05d156e937cf
Byungjoon Lee <byungjoon.lee@gmail.com>, cdc2567787643db21f5642413d0bdc2206508fa4
caesarxuchao <caesarxuchao@gmail.com>, 61818cfcbea76379cf557dffadef81904c4f3f50
Cameron Brunner <brunner@univa.com>, 7f76c077b85f55128874c35067e3660065b22f76
caogaojin <caogaojin@cmss.chinamobile.com>, 60cb4406e9f7fe00412702b2871e2f918c586361
Carlos Sanchez <csanchez@maestrodev.com>, 588a428175bedc8d992e4559bc6a57935f448fb5
Carsten Clasohm <clasohm@redhat.com>, d093fe0c4bf6f33cf2c6b98aec5439ff038fcd0a
Casey D <casey.davenport@metaswitch.com>, 3c4ab920c0b4b7f19e902b09742bf145eb6dacf4
Cesar Wong <cewong@redhat.com>, a84fa79a01e0ad279f451687ad6de2d260649b03
chakri <chakri@datawisesystems.com>, 9508b2bf12e29a8fe0dc2e702a39149fdac47f9a
Chao Xu <caesarxuchao@users.noreply.github.com>, 002dcc634391f1d13363c43b363f15044ce018dd
Chao Xu <xuchao@google.com>, 73df8f30a3871970ffaf33fa08e4efd8c08b14e4
Charles Butler <chuck@dasroot.net>, 5bf5f7f33b04889afcb6585f66650e8d01432b1d
Chia-liang Kao <clkao@clkao.org>, 82a72c805d8387a0cc15b1331d65192fc03c64c8
Chi Vinh Le <cvl@winged.kiwi>, d91932f0b7b8896f4297a287162dc82999591708
Chmouel Boudjnah <chmouel@chmouel.com>, 79d1d33756bee820eddec8492cf7448538bc3bbf
Chris Alfonso <calfonso@redhat.com>, 9d0c9e7dc32558a089388b8d18acc400c8301eee
Chris Hiestand <chrishiestand@gmail.com>, 3867d02f9495e2f7803e1aa91366db4ce5768b5c
Chris Hiestand <chris@oakleon.com>, db1a73317c44fa69de1d7ebb69e2e058fc31b0c3
Chris Moos <chris@tech9computers.com>, 1b814ffd2c1db5da06b3d1744e4ad3e744320fe1
Chris Soyars <ctso@ctso.me>, 76e0391ad378887de8a1f61b50e43fee000dfb25
Christiaan Hees <mail@chees.info>, ee54b1d0effa09962dc4473af15af160da204afc
Christian Simon <simon@swine.de>, 1bfba8a5902fb14d1727e6e042d521b55f37ee39
Christian Stewart <christian@paral.in>, 3a23bee9ad22458139e64b97213408bde06d3b90
Christophe Labouisse <christophe@labouisse.org>, 3ce6fc116df8964444a5cba7c42a855ed4f3dba4
Christopher Najewicz <chief@beefdisciple.com>, 567358485c1e2508fd74c9efcdc8b3941377af31
Christoph Hartmann <chris@lollyrock.com>, 7f6fa21171e295cc69f7f150142b42585d45dab8
Christoph Maser <cmaser@gmx.de>, c0802dbd433ce1076a912fbab016ff63b3afe9db
CJ Cullen <cjcullen888@gmail.com>, a6148e79c3e5dd30e2a8ab0b440ceec07515ef92
CJ Cullen <cjcullen@google.com>, cb7d3f01485d26679ca1d69adaf90c20aebbf2d3
Claire Li <claire921@gmail.com>, a4261d0f65e3cbe10711aad6f291c7ae7d3650ea
Clayton Coleman <ccoleman@redhat.com>, 23133a734476f2590457e87240ab25c2dccb8522
codemonkey77 <arb77@hotmail.com>, aabc1c35f6963f5a754f97924ffb7c0648189fac
Cole Mickens <cole.mickens@gmail.com>, 92f5b8ca7a698f1661c8c0ba8016232369ead056
Colin Walters <walters@verbum.org>, 608e00bffd00b95c0a0646ff55663aae7c97b59f
colmm99 <colmomonks@gmail.com>, ef5c07cf611da80f79a4386af0b3f673f42216bd
Connor Doyle <connor@mesosphere.io>, a6d0b44a339bf755be37f0246c35040978c5696b
Craig Wickesser <craig@mindscratch.org>, 1c02137f485f4708bb9ab2c600ce42eaf02e5e4e
csrwng <cewong@redhat.com>, 2b01746104211797ccd516bae59d996acd33caca
Dai Zuozhuo <daizuozhuo@gmail.com>, 2e2ef3e8309f7c46ab75147b27daa72294eafe4c
Dan Ciruli <ciruli@gmail.com>, 1d437f2186f8f1a9c9c34c155ffbc03558d18ca1
Daniel Dreier <d@puppetlabs.com>, d67105d05a0d43c81a9eeb5b2f522bfdd1daa78b
Daniel Lobato García <elobatocs@gmail.com>, baabd96106546b46d5f3938c50cf8c7c5b334d6b
Daniel Martí <mvdan@mvdan.cc>, d15de72a92c8841d069b1265e433eb52edc29822
Daniel Norberg <daniel.norberg@gmail.com>, 339623736d6f666d7563b545dd5e9d4d431a0500
Daniel Norberg <dano@spotify.com>, 0a4e7985a9b7376d20db79c019603ec894baa06a
Daniel Schierbeck <dasch@zendesk.com>, 08eec7c6b963b7cea5c3a365784c0ae0c5659794
Daniel Smith <dbsmith@google.com>, 82d64895564fffe43a6b5e1b51440b4cbc960a7a
Dan Mace <dmace@redhat.com>, 347b9334e21a46df0f524115bb83441573958b73
Dan Mace <ironcladlou@gmail.com>, 093b7c2e25da84dfa9cbbdd9cddc9e5a22b6d481
Dan McPherson <dmcphers@redhat.com>, d94f5c3360b5b7ead2cab83d3bd104f93e672093
Danny Jones <jonesdl@google.com>, 4ec25f3b8121a25242c6743a0bbdaa90df8d1536
Dan Osborne <daniel.osborne@metaswitch.com>, 33d385bc970e4d20a0a4f39321f96906dd8ebfe1
Dan Winship <danw@redhat.com>, 37942f16a6ac77a13b3a652537a395ceb6fefc7e
darkgaro <darkgaro@me.com>, 989588f015b567f1c8e49d14473402eff05c8abf
Dave Bailey <davebailey@google.com>, 14fcf68edc8669bc1e9313759942aa6ab85adf29
Dave <dave@perljedi.com>, 36441998bd131c2d51f1b22141503649ade30df1
David Aronchick <aronchick@gmail.com>, d3d6e37d79e9cdf1c82a2ac79425efd98c1b5149
David Calavera <david.calavera@gmail.com>, e889fc336f8b5b4d18928b9197eb253bc3033f68
davidopp <davidopp@gmail.com>, a3e057d5d979a1cb0a85e1dd8361f53f15910a0e
David Oppenheimer <davidopp@gmail.com>, bfb6203627943860f0dc02f5054dd453bb010e51
David Oppenheimer <davidopp@google.com>, e4d9aaa2cfd9790b9839fd6b89433e153b942d4c
David Reynolds <david@alwaysmovefast.com>, 9fece09f261b1a3e8ae5f272e9d14116775e88f2
David Symonds <dsymonds@golang.org>, 86d34996b481cf713395229e187811443bf0ce1d
David Walter <walter.david@gmail.com>, 76bb6bbf1287374bb4552d54bae0b946479cecfa
Dawn Chen <dawnchen@google.com>, 8b3937c9bfad0e0e58adfe9f2a23fde1d9163c82
deads2k <deads@redhat.com>, 7e180c258dfa1acdaf30ddac9838669247901727
Dennis Schridde <devurandom@users.noreply.github.com>, 
Derek Carr <decarr@redhat.com>, 445fff030ca4b404a58ffd7224e766661c44621d
Derek Chiang (Enchi Jiang) <derekchiang93@gmail.com>, edea34b5e5c76c7605f2473bb7de041fa02434b2
Derek Gonyeo <dgonyeo@csh.rit.edu>, 84df4293da82eee44e50bf1be58a8bc3171e40a3
Derek Parker <parkerderek86@gmail.com>, 48fadc157062c5bce3a4f2c9f496b134ac5f85cc
derekwaynecarr <decarr@redhat.com>, ea919f6d1e716a350d8db9530193574a05370aa6
devashish <devashish.86@gmail.com>, 95b528ffec6de06a2baf709fcbc984ea638bf510
Deyuan Deng <deyuan.deng@gmail.com>, c5675b8924ace47762289bb4e6f1545ebca625f4
Deyuan Deng <Deyuan.Deng@gmail.com>, 97e12957e6c5ad86c835466615d44491e3076833
Deyuan Deng <deyuan@google.com>, 56ea4894d125da6de89bfed9833d68a8d21e54c4
dima <pronix.service@gmail.com>, 3519e830013193fcffa12dfd4b1f270e9ca9f18f
dinghaiyang <dinghaiyang@huawei.com>, 2979ae7f2a560e096317d8215cf9a13710fbab3b
dingh <dinghaiyang@huawei.com>, 472a66aee188e26ac9651f005ccd62d51db84157
Di Xu <xudifsd@gmail.com>, 00b3fa802d91cb00b1add7116cd148c138d36d02
dkorn <dkorn@redhat.com>, 25ada0e11898c9512f802397873a046bac4e36eb
dma <dma@redhat.com>, 39f3015bc3d575dcdced07468b54fe36c48ec85b
Drew Csillag <drewc@spotify.com>, a8245819415f707e2b53dc69aed1b3aebe6427cd
Dr. Stefan Schimanski <stefan.schimanski@gmail.com>, ada14a524d0640c24037a47f540dfeb7f3fe0b0f
Dylan Carney <dcarney@gmail.com>, ba5c18816ebbc041fb2ed1555cc0da74f8fd897a
Ed Costello <epc@epcostello.com>, 1916d3bb740545239c24d47795136a797489a7e8
eddiesimeon <ej.simeon@gmail.com>, dbffa44ed72b917dcf589f7f8d50926263c165fa
Eddie Simeon <ej.simeon@gmail.com>, e67f8ae05a20168c1cd1e65e42f9a22a3d2fd3ba
Edoardo Tosca <edoardo.tosca@gmail.com>, 4ec5bb04fd6a0e2b876bfff5c3fe62cdae99354f
Ed Rooth <sym3tri@users.noreply.github.com>, 7b7c1bdf9c3469160706c52263b287bb57aa5319
Edward Muller <edwardam@interlix.com>, 63207741de751240d4f5618872a4711c08ace1e7
Egor Guz <guz_egor@yahoo.com>, 1d12f4604a69a1cbc31222b3e0d85cfe06479dad
elsonrodriguez <elson.rodriguez@gmail.com>, 621c86defba70606f7b52686d6c35ec9e59d4b5e
Elson Rodriguez <elson.rodriguez@gmail.com>, e48bc9ae162caedebdecc3a1e590de30382d859d
Eric Elliott <dilvie@dilvie.com>, 6ada0b02c38181fbabe39388f65989492f357ad0
erickhan <ericha@google.com>, 8a8bf974dfa3d1b85587ef1cd289dfa5a6fe68ce
Eric Mountain <eric.mountain@amadeus.com>, 0fd26a53598ffa169798880002be32b462d69b85
Eric Paris <eparis@redhat.com>, bf7646bd9eeda1f841b17b1f128d0c8eab719a98
erictune <etune@google.com>, aa30423dc9632fe3ec3620b6486ede4fe3183061
Eric Tune <etune@google.com>, d98f7ab88435f219d0e21390d0ee98c1e892057c
Eric Wright <eric@discoposse.com>, 60a06304ad4817d84acb229d7190ef2b4050caa6
Erik St. Martin <alakriti@gmail.com>, f75f2bbc0f44d3e5342cc7f3a9c5d6104c92c61e
erulabs <seandon.mooy@gmail.com>, 5ee816e905c6a36dd0113659e92d74e572eddc30
Evan Flynn <evan.flynn@gmail.com>, 7839033588c5875d9aeff40e3996012b7264e2f8
Ewa Socala <socaa@google.com>, 2201a3bfa821b889a81fde627f5e726d114d0b7e
fabianofranz <contact@fabianofranz.com>, fae27669aa7f5ec1485771a770062c923990bd93
Fabio Yeon <fabioy@fabioy-macbookpro2.roam.corp.google.com>, 385f8147754056a26b246b83f345265e9af6c96b
Fabio Yeon <fabioy@google.com>, 89b3ffa5b73209d473ec5674a453a4e9d4103f70
Fabio Yeon <fabioy@users.noreply.github.com>, a8269e38c9e2bf81ba18cd6420e2309745d5b0b9
fabioy <fabioy@google.com>, acb64e66e8ea036ecd0c7f4cd9d5d13526c8f2b7
Federico Simoncelli <fsimonce@redhat.com>, 1a41082ca87026d7ccc4f70293428fdd321443be
feelobot <felix.a.rod@gmail.com>, 7e85e587a8ea97105363ebf8033eec417e444366
feihjiang <jiangfeihu@huawei.com>, 2ca200f087362c240ee958e9304baaf6bebc9c6a
feihujiang <jiangfeihu@huawei.com>, d4a3e30edd005c98b20a299b2a065397b865c5b4
Felix Rodriguez <felix.a.rod@gmail.com>, 2fba24e98963e4bbcd0c7c6014ee6e88cd45962e
Filipe Brandenburger <filbranden@google.com>, f84944e73584eaaa3dbe72be76388e6214754d07
Filip Grzadkowski <filipg@google.com>, 1a9b0d6018e4a166640ab925acedca1c18cd2c8d
Francisco Souza <f@souza.cc>, 6d0f84c700f613aac1403e7e3f63b95bdd659bff
Fred Jean <fred@fredjean.net>, 1305f54645dcc057ceb366bbfd0c14f9b08f819c
Fumitoshi Ukai <ukai@google.com>, 54f498acd54684f334589c8f24443f869efda75e
Gabe Conradi <gabe@tumblr.com>, 83504633413908581be0fb784c7bcbce51d64f4d
Gabriel Weyer <gabrielweyer@gmail.com>, 5f26cac3734cba94da2d0d4df0a1ac8ab53adee3
Gao Zheng <gaozheng0123@163.com>, b445afdf113b3c24fb758d5572a71b81d7759666
Gareth Rushgrove <gareth@morethanseven.net>, d836762a687409eda977a75d0667f0ba1a830a79
George Kuan <commonlisp@gmail.com>, 9f64d009e05e170e5791ed2881956c299769d9b2
gleamglom <gleamglom@gmail.com>, dd045544b03ef52e20bd9b5d07958c71fe978a99
gmarek <gmarek@google.com>, ca30de0bde294bf60f22ce51b366e0e5a291c112
goltermann <goltermann@google.com>, bec4c10dc464d8afd5655f66acfc3ea6c9fdc22e
goltermann <goltermann@users.noreply.github.com>, cfb696d39df3a6da389986bfb53782f2918f0278
gong yong sheng <gong.yongsheng@99cloud.net>, 3a598eba0e432f14d19a16cd41b431d2f5a0543b
gosharplite <gosharplite@gmail.com>, cd4d0fdb8bdce9c2fa34db6cdeb82544c7257061
Greg Liebowitz <gliebowitz@iconectiv.com>, 133310d84d063ee4eb601af8b6cd24a3601649d2
Greg Taylor <snagglepants@gmail.com>, 286f7d29c428817a9ca0792441e48fd7bcf38f7e
Guohua Ouyang <gouyang@redhat.com>, 4393116422dc0e5fab4d90e0238f6385a11602d7
Gurpartap Singh <contact@gurpartap.com>, 3d89dbccca086f9829356b68c3c2716c7a9d6580
Gurvinder Singh <gurvindersinghdahiya@gmail.com>, e1d76d5f19e84f87d4e7e51618a38ade9eda524c
Gurvinder Singh <gurvinder.singh@uninett.no>, 68f0db84cb60bc404b410820ea869b9d086f111d
hallucynogenyc <hallucynogenyc@gmail.com>, aa940f3ec725a1246d34122a29f27a479445bec0
Haney Maxwell <hmrmaxwell@gmail.com>, bc29903146bfde30e186f28039eddb4b3d65bf8d
harry <harryzhang@zju.edu.cn>, c9644b3e5b8b9cba7beff912d25c66d8ea90dea6
Harry Zhang <harryzhang@zju.edu.cn>, 014fa231de63eaeefcbe081385261ee4bb5d52c7
Harry Zhang <resouer@gmail.com>, 957fa86b86c15eef5bb586581835a8116730ad48
Hector Virgen <djvirgen@gmail.com>, 1a784cd489cb951a7f7b0c79bd06b38ec7b01400
Hendrik Volkmer <hvolkmer@gmail.com>, 1d6ca8c7fedaf0d4af9e3b02d5b456d19ae8466f
He Simei <hesimei@zju.edu.cn>, 442a22d114f4d45a821a9238a75a8a1552fefbc2
hokutosei <hokutosei>, 3bcfdab649d1360253509a8581c61595de317a05
hokutosei <jeanepaul@gmail.com>, dce5e3bd6fd84e87eee98d54867e2fc418b3d5c6
Hokutosei <jeanepaul@gmail.com>, a68f0a853ff6f814de9308699cd1dc9f1b1fc581
Huamin Chen <hchen@redhat.com>, fe559f27264f424116008307fb49250ad0446afe
huangqg <csuhp007@gmail.com>, b10e7a92b13b182affaf711d1a0e67018567e56e
huangyuqi <huangyuqi@huawei.com>, 4508101c1b45a1c275331dd125a74ff67f783ed1
Hunter Freyer <yt@hjfreyer.com>, 9147d1b6eaaaf867252c8898854690d007654ba4
hurf <huruifeng@huawei.com>, f61d434e1ff3b7ce0c8fd9fca14e95347eae7702
hw-qiaolei <qiaolei2@huawei.com>, e4b9e83fea5426d10a06bfaa624c7d0b898e8232
hyeongkyu.lee <hyeongkyu.lee@navercorp.com>, 55f1f241e6cd1355da1a3d80217effbf960afed0
Ian Lewis <ianmlewis@gmail.com>, 471ffcb714404a6e8266c3460107062292e65275
Ian Lewis <IanMLewis@gmail.com>, ed1962c1ca7b61f4e879c4ab536298bbea777278
Ian Miell <ian.miell@gmail.com>, f8e6ab56108e3ab031d3d3382f76d2eca4ceb3ab
Ido Shamun <idoesh1@gmail.com>, 6142e2720068fce303898c359e04c1dabb9f3ed4
Ilya Dmitrichenko <errordeveloper@gmail.com>, cb3425351aee1d109cd2e37d971bdf7154f5403d
Ilya Yakovlev <iHile@users.noreply.github.com>, 5f992a4980ce29fc338d9bdc2f6f0263b4dd29bc
Imesh Gunaratne <imesh@apache.org>, 33fc938acdda47edca348d01f48326819d1d3095
Ingo Gottwald <in.gottwald@gmail.com>, 79a9e0d849b156d6db8874bb12035427548603cd
invenfantasy <caogaojin.nk@gmail.com>, f70daaf6065a9357695407561ca2bcb0954ca1c4
Isaac Hollander McCreery <ihmccreery@google.com>, 219a1fae621bdac14619c925917d88b546cbd5bb
jackgr <jackgr@google.com>, 5d666dbfbf66f2dc16ddd8df690be442c593dbdb
Jacob Tomlinson <jacob.tomlinson@informaticslab.co.uk>, 91bd7f5d6c84df36e4cdbd8d0d5762317c4e7c21
Jakub Hadvig <jhadvig@redhat.com>, 90dcd347ac19e96c77bc4adaf84ee9a5747b72aa
James Davies <jdavies@skedulo.com>, ff5a425b67f8ccdf7000a10bd70d73ce8de5d3d2
James DeFelice <james.defelice@gmail.com>, 7387a2d0cd0e99c1b58389de00b4a6cf4acc9134
James DeFelice <james.defelice@ishisystems.com>, 20eb3c49c5a233a979de62f93274339a8c502ff4
James DeFelice <james@mesosphere.io>, cf908df89c302bae90e8b4a686fff31539a4c9dd
James Kyle <james@jameskyle.org>, 4c96fa75658957b014bd3c76a4491c4e0f2751e1
Jan Chaloupka <jchaloup@redhat.com>, 70c74fbe4b9c14511f87e57f80715d7bf58c2219
Jan Dolecek <juzna.cz@gmail.com>, 7f7ac2deb6e9911634c80b18f3d3af4f0dea520a
Janet Kuo <chiachenk@google.com>, 96031aaca56bfb21952cb6c6957dde272a74e163
JanetKuo <chiachenk@google.com>, 3ad58322dde9d00c1cb4190e1098d26ebd1c43da
Janet Kuo <JanetKuo@users.noreply.github.com>, d0c618a25e3f965ca9653f599923bac123175531
Jan Safranek <jsafrane@redhat.com>, f7384827b80d809e6bdabd7801e34328e29a027d
Jason Giedymin <jasong@apache.org>, 03d9169d36f656afafe8ed2aca91916a1461d40c
Jason Hunter <jthunter@google.com>, 2ecb95b5b6c8ea21ea08d98f8e62a65877d6c40d
Jason Kuhrt <jasonkuhrt@me.com>, 3a045fcac17c1a8dee3c53d3b4871947cd309a26
Jason Riddle <jason-riddle@users.noreply.github.com>, 312d54c01427ea6ac0481ebf36e75bf29084113b
Jason Riddle <jr1285@vt.edu>, b1fcb33c56cab5c60a08bfe130cf439fefe46670
Jason Sommer <jsdirv@gmail.com>, aa892b71431c5de46676499cb9a4e601f63d418b
Jay Lau <liugya@cn.ibm.com>, dbd301cf79ea8d538de5fe5a58c21fcea446b634
Jay Pipes <jaypipes@gmail.com>, d05463348d68ef03f4b47fde04a7a10b529ac459
Jayson Raymond <jraymond@accelerantmobile.com>, 9892b0e87491aca933018cb4481eed58a9e6797b
jayunit100 <jay@apache.org>, 3b295ee3421686c6d655d824ee7ea03a012dd206
jayunit100 <jayunit100@gmail.com>, a008fe24bb4babf33b0122e42ea656576deb14c5
jay vyas <jay@apache.org>, 4283201aea57ecbe2d8df231d9f18c8f35bb571a
jay vyas <jayunit100@gmail.com>, a8964043d9531077cb55b8ed96cf95077f1a2f36
jbdalido <jbdalido@gmail.com>, 6ea63e69ce531097e34100ef9351bc4cca3b99f5
jeanepaul <jeanepaul@gmail.com>, eaacc1e5c1ed27b7b6a902316b2275d7cc88a920
Jean-Francois Chevrette <jf.cron0@gmail.com>, 91a05c0709af688f73e3ba28620af2c1ab6d78f4
Jeff Bean <jeff.bean@hds.com>, 3302ef48f6d2d436499c65869f5538ef9e451cb9
Jeff Bean <jeffreyrobertbean@gmail.com>, 0653156e1ea75110015535198c26cb655bb4c43a
Jeff Grafton <ixdy@users.noreply.github.com>, 4e6325a3da035ded3276b518051697101d7e8a56
Jeff Grafton <jgrafton@google.com>, da0ab43b08c0108c13e9ddcf1f9f7be6d7fe0ccc
Jeff Lowdermilk <jeffml@google.com>, 08442974bb4d30d99807ec17b519e891cd917594
Jeff Lowdermilk <tiro.jeff.ml@gmail.com>, 703b6428869cca681363855d1fb9054e0e6e239b
Jeff Lowdermlk <tiro.jeff.ml@gmail.com>, c912b831ce6546e6a3a1d84080014ae700e4ce3b
Jeff Mendoza <jeffmendoza@google.com>, 0a05fa6e7b267b0fb371c673b0abc59ad965dbc0
Jeff Mendoza <jeffmendoza@live.com>, bd843814b2294021289122cc554be903a6607af8
Jeffrey Bean <jeffreyrobertbean@gmail.com>, f7b5d0db613ccbcf9f8b80fbfb0f91855225ccb9
Jeffrey Paine <freighttrain@google.com>, 7ad41c56ed9207946c2bc7e65fd5e45c8ab037e4
Jeffrey Sica <jeef111x@gmail.com>, a8af6c8bfc4463334dd447a8bf6d1a89d3c63b20
Jernej Kos <jernej@kos.mx>, 430a04af451ca8a94a23add2580fab8105f994bf
Jeromy Carriere <jcarriere@google.com>, 7dbf705a62ab3e7eeea081e3abdf0b9878872139
Jerzy Szczepkowski <jsz@google.com>, b41862b6703bcf9036a61dc8453a5253534545c3
Jessica Forrester <jforrest@redhat.com>, f2732f18a775aec8e0d66816e9f72ee46324bbf0
jhadvig <j.hadvig@gmail.com>, ad36f5d2f10c6864a6a63f86913f4e4cfa6a220c
jhadvig <jhadvig@redhat.com>, 7df1d332042e1fe4a99c6e5227955fde25b21cb2
jiangyaoguo <jiangyaoguo@gmail.com>, 1460a1fb9ea59fdb182073040a0e5ea02dd7dab6
Jian Huang <alfred.huangjian@huawei.com>, 3081f88929c1cd22606df4be44038d17e9172f02
Jihoon Chung <j.c@navercorp.com>, 837edf850d58baf613610c73d9afc94b731ed06c
Jimmi Dyson <jimmidyson@gmail.com>, e07da97447e86d5a3f5fcb802b062c098421cb4f
jjy <jjyruby@gmail.com>, af845a6f6f269c637baa9ad561c33e7d0e4ca3d9
jkaplowitz <jkaplowitz@users.noreply.github.com>, 33e12cf991ac0e0d8dd570ff5c315bcd888d805e
Joakim Gustin <jocke.gustin@gmail.com>, 645d6d1f2667097b537b64995883549de444b6a0
Joe Beda <joe@bedafamily.com>, 2e9cb5ee3a1f99b46c949fe975adb92c18900d2e
Joe Beda <joe.github@bedafamily.com>, 55e4941c5e3b55fc74c6b2091d3835fdcd976193
Joel Sutherland <jdsutherland3@gmail.com>, 912772406c8a620d026d4ae9fdd6bb02e27f958e
Joerg Schad <joerg@mesosphere.io>, 7af8bf6ed3c41017de40692012ad03520e066277
Johan Euphrosine <proppy@google.com>, 1322421a8a1b24bd2d162bf3dad613b2439cf055
Johannes 'fish' Ziemke <github@freigeist.org>, b63a275ec3d3c3346fe56777e35d486e17c0eff7
John Asmuth <jasmuth@gmail.com>, 5de0c303c3a6b4e9468833a34584288be0d5145b
john wilkes <johnwilkes@google.com>, 783836de8757fd2fd55be564060ba9be8c03f6f3
Jonathan Boulle <jonathan.boulle@coreos.com>, f216b0a2f25f6f85a11fe0830db845ad40d726a1
Jonathan Wills <runningwild@gmail.com>, 80e799fc0c8db6b7b3c6c2f5bbdbbe4cacfc3378
Jon Langemak <jon@interubernet.com>, 35038dc19a0d001e877d03a6a81f476b3f728d81
Joonsung Lee <joonsung@devsisters.com>, e3ddd59344dbc905f220cba3e61969ab51a0f3ac
Jordan Liggitt <jliggitt@redhat.com>, b2268574c5ebd94e4fc9ad402f81f00464bf571a
Jørgen Grøndal <jg@appeartv.com>, 31f0f2b17ff107adf3ab419c8b2c340bc1d3bddd
Joseph Anthony Pasquale Holsten <joseph@josephholsten.com>, 85cb097bfeedf47d7596a0a88992dcf7ab5450dd
Joshua Griffiths <jgriffiths.1993@gmail.com>, a9aa2c6acc4f8714aecd9f84845b99d1b4fb54b6
Julia Ferraioli <julia.ferraioli@gmail.com>, 7925cce67cb4e6cae7cc6c45cea15698ac154bd6
Julius Volz <julius.volz@gmail.com>, f6c4dd2332a43b4676c5c465f8ae96308224379d
jumpkick <ironstorm@gmail.com>, 362835c641925a131b141aed27d95e0c2835cf8a
Junseong Lee <hodduc@hodduc.net>, ac40cb6d74c96a04a40c26299306bdafd8dbd7bd
Justin Huff <jjhuff@mspin.net>, 28afe9185580819153bb3d44ad3a09a20af96a11
Justin Lindh <justinlindh@gmail.com>, d27eb8153acce8090c68fbeec755e79cacd73e9e
Justin Lindh <justin.lindh@webfilings.com>, 4f31b1918f2545f384d53659afd1f0485e2bccda
Justin Santa Barbara <justin@fathomdb.com>, c6d7a90449fdbf3c59792cea17b9f731f84f576a
Justin SB <justin@fathomdb.com>, a442918d314f4ab3de98a45512d2ef60e7939f94
k8s-merge-robot <k8s.production.user@gmail.com>, bfc60709b1fe69d1d4509f5ba1c83156b84d5c33
Kai Zhang <zakir.exe@gmail.com>, a7bf6665ab0ad48f42b5ee36baad155687dc569d
Kamal Marhubi <kamal@marhubi.com>, bbcbbc9713bc6b5c0c517aa53a39915121fa3cfc
kargakis <kargakis@users.noreply.github.com>, f3c63ba16b525050280da1e15a98904d47335810
kargakis <michaliskargakis@gmail.com>, 4e567546e42b20e32541bc7e0986f76e860ca4ae
kargakis <mkargaki@redhat.com>, f9bca7bc7df013d3ec134008a5f06fce6947707d
Karl Beecher <karl@endocode.com>, 0473f652fd0a11a6dd5f450fcd1977020cd1793d
Karl Isenberg <karl@mesosphere.io>, 158c42f4bef13e53484a997740bcb934f7410e1e
Kathrin Probst <kprobst@google.com>, cd9accf7d2106d7a5361deb91ba7fddd466ca149
Kathrin Probst <kprobst@kprobst-macbookair2.roam.corp.google.com>, 74dfe26e5dc0c328e806b74b35620c441a4a3f69
Kazuki Suda <kazuki.suda@gmail.com>, 81399dcd820a6fef105b27e975508255e1906c12
keisuke oohashi <keisuke.oohashi@gmail.com>, 2d1149061f10a5e49602f7206f0ab9d95b8986b2
Kel Cecil <kelcecil@praisechaos.com>, 12647523d202398bc38839c197cba31953c03a49
Kelsey Hightower <kelsey.hightower@gmail.com>, 93a374512ec3bdc47a55dc2d16d36ad5cd7fd8e5
Kenjiro Nakayama <nakayamakenjiro@gmail.com>, c50d7dd1d5ca933b85fdb20f97427e291c6acddb
Kennan <wkq5325@gmail.com>, 08a9970f70adbbcd2ad1f8352843a3b5f83f9478
Ken Rimey <rimey@google.com>, 6b5c9c8984c0f7c47b287d8ae754f064bbee6c7f
Kevin Lyda <kevin@ie.suberic.net>, f3c775ae191b67ea197ff42d5ea274dccfea3745
Kevin <wangzefeng@huawei.com>, 82aaf118e2e97d8edecda71e0b95bdef0851ce53
Kieran O'Mahony <kieranom@gmail.com>, 2b058206191cde54c1251e982245e5a5b4b19854
Kit Merker <kitm@google.com>, 
KORNISTE <Korniste@Kornisteui-MacBook-Pro.local>, 6462030a3212b163a7ed98ba70cc1508b76e6c8b
Kouhei Ueno <kouhei@google.com>, 5336cf3f39f80af60094aabd644abfcf55efecf9
Kris <krousey@google.com>, f4e2c738f6dea089af9b6253477d436a686c084f
Kris Rousey <krousey@google.com>, ae6c64d9bbfbd96ad14cf5a366f7994fe4c3da96
krousey <krousey@users.noreply.github.com>, fbc85e9838f25547be94fbffeeb92a756d908ca0
Kyle Mathews <mathews.kyle@gmail.com>, eb271e0c39f712fd52f44e9565f77b9982d8ad7e
Lei Zhang <harryzhang@zju.edu.cn>, 6a2e58552d51ea800a3c4a583e499ce3f809f56e
Lénaïc Huard <lhuard@amadeus.com>, 0535ca92634a045c124201d7750e88346941ba86
Liang-Chi Hsieh <viirya@gmail.com>, 04db6dedbc4d61bddf22d356450cf63c831d846b
liguangbo <liguangbo@huawei.com>, 97693558e0a79d790d4e1cdb6d3888b3b16c3f0c
litian54 <tianli8954@gmail.com>, b5e41112344c2cf9b4603c230a80d4c0537a5727
Luke Benson <luke.benson@emergingstack.com>, bba2f9184f9f8fcc2e7cba1eca10241694f4d9fc
Lv Lv <github@lvlv.email>, 7cf9ee19c702ab6173057787293c239bd83ce3b6
lzc <linzichang@huawei.com>, 74601eabbee9beb5654d38877935c4eef3ac9795
Maciej Chmielarski <m.chmielarski@gmail.com>, d6a747481ccbcec28b2799c9e0a33749caf58f0e
Maciej Szulik <maszulik@redhat.com>, 08aae94deaacddfb33767ab74073baccb1dbc056
Madis Nõmme <madis.nomme@gmail.com>, 15643a2c72857c3aa962ee16996d9c3a6025135d
Manan Saraf <saraf3@illinois.edu>, b2ebfeef25f2a1c94d0f1e2fa4f1ebcab5454330
Manfred Geiler <manfred.geiler@irian.at>, 8c8f8feb62547f4bb4e8fd7feacc51f7e4ba09d9
Manuel Amador (Rudd-O) <rudd-o@rudd-o.com>, 7b2d0d29e4d188b1c389b828d17a6e5389b4b344
Marc Cyprien <marc.cyprien@esigetel.net>, 36b2f2dd045b23b69b9349504b0b4483d6095fa8
Marcel Hauf <mail@marcelhauf.name>, cf36fdc7f90db50630af2a2808229190ae8c2e54
Marcin Wielgus <mwielgus@google.com>, 02c30c5d61bb282a1e9faf4734ddf1437444f102
Marc Tamsky <tamsky@users.noreply.github.com>, 7fc51ca580767f355d2256aabdb4b5a1ca25674e
Marc Tremblay <marcandre.tr@gmail.com>, 25a6cbf526d4dee8724771e31b68fb2c5a264cb8
marekbiskup <biskup@google.com>, 672819be16716ad216828a2752ed1ecaf1de1cb6
Marek Biskup <biskup@google.com>, 860822431bf3d0eb633ddd68fe7d8f2a47d19d20
Marek Biskup <marekbiskup@users.noreply.github.com>, 8a4a0983236b94bd45c1a49c67c8ce1cae7cde7c
Marek Grabowski <gmarek@google.com>, 9d33583318f78b6b3e0fcb8b669299a2750c5a71
Marek Grabowski <grmarek@gmail.com>, 1a161b6522d30437e30ed138340bb66240c6123e
Maria Nita <maria.nita.dn@gmail.com>, 874ce5d7999096c079c0bf4f8f02c003702cc32b
Mark deVilliers <markdevilliers@gmail.com>, 13aaef14ce4135660d16e9070d59f141ea2482a9
MarkDv <markdevilliers@gmail.com>, ab40fca77cba5d68ca8077a75cb1af93dc26f06c
Mark Lamourine <markllama@gmail.com>, b7c1b7eed2e25e779994019706e27364bcf0ff12
Mark Maglana <mmaglana@gmail.com>, 4927d70dd00a848bf9929411168e0226ce587b5e
Marko Luksa <marko.luksa@gmail.com>, 9bfa29896b4d7be667c81d241cbbb763e7858b99
Mark Petrovic <mark.petrovic@xoom.com>, 105ace039f955a1871ae20e370c3c9836e91d344
Mark S. Petrovic <mspetrovic@gmail.com>, c16329208b827a2097fbd0a1ecf29a2c13140cae
markturansky <mturansk@redhat.com>, a5feac5739756a79e42056525c7258a3c0ff2d57
Martin Gannholm <martin@way2clever.com>, 2e7e2984a9383ccc3eeaefbca74994de0908ea32
Martin Nagy <nagy.martin@gmail.com>, ff2b5b78fa931764a841f76282f8ca846122fc6d
Maru Newby <marun@redhat.com>, 4711eff229b7e1a7f6833296338add2cde174e04
Masahiro Sano <sabo.ttenda@gmail.com>, 34849b447657c7cf135aeefdbcda7311a9a99adb
Mathieu Velten <matmaul@gmail.com>, 57f18a0e04f1c28bce2eef8eb57551aee944bee4
Mat Schaffer <mat@schaffer.me>, e7ae425385583eaed1ec85009f80ec1d7ecc40db
Matt Bogosian <mtb19@columbia.edu>, 89a5c4d44eaf489dae47b05fc10c37cedde81ec8
Matt Bruzek <matthew.bruzek@canonical.com>, 56bd3c756a421e0b6575a4ebb1445e98b0133558
Matt Bruzek <mbruzek@gmail.com>, f261702ef6e2eb63d3c6aa5e43bd4c83e8e24b77
Matthew Farrellee <matt@redhat.com>, 28a661727f0bca81300b9b526c50fd4daa6e78dd
Matt Jibson <matt.jibson@gmail.com>, 2c0f32e9b8895917e023f608be02d620c6d175ca
Matt McCoy <mattnenterprise@yahoo.com>, 5a2f992d75c9013c4d12089572f5eee57b45b0b2
Matt Moore <mattmoor@google.com>, 4a94ce46dbc52e75bb80b0461a2c28f67d073d51
Matt T. Proud <matt.proud@gmail.com>, 8a911b39afea310946c14f949be9c520988bebcb
Max Forbes <maxforbes@google.com>, 9bd219c94e909d53d030e8a5047b23baa6fa8121
Maxwell Forbes <maxforbes@google.com>, 8d32faad2964d18b95ccc12bba7840eead60878f
Maxwell Forbes <mbforbes@users.noreply.github.com>, 712f303350b35e70a573f3cb19193c8ec7ee7544
mazswojejzony <mazswojejzony@users.noreply.github.com>, 0062da495693422c80d6b9ddab243142583dc360
mdshuai <dma@redhat.com>, 98b1c7c72f42af7094e6a363d675251f29fb2ed8
Meir Fischer <meirfischer@gmail.com>, d1c93384e932d2dc3c786cb5ca509ea7dccd51d1
mgannholm <mgannholm@users.noreply.github.com>, 55e64cb0ca8f2c851da60243a29345d9125e831a
Michael Babker <mbabker@flbab.com>, f562a3b47161a439838679c718ae3a78d5a7c74e
Michael Bessolov <mbessolov@users.noreply.github.com>, db51edb767d105ef21e6a4eb3f82a5f5a86509ea
Michael Danese <mikedanese@google.com>, a1ea672c63ca58b1f275dad387ceeb4ff073b8da
Michael Jeffrey <mjeffrey@mjeffrey-macpro.kir.corp.google.com>, e69389f7e2d8e8684084a2f35bdb677db1af6ba4
Michal Fojtik <mfojtik@redhat.com>, fb14c8cdf331aa0321d94e978c3c7e0f898c43fc
Miciah Masters <miciah.masters@gmail.com>, 8aa299da907040d9c31b4dd9d1b1d49344c5aad3
Miguel Perez <mperez@mediamath.com>, d08ffb310124e805e8a9dc6e4bc45f1c35b87071
Mikaël Cluseau <mikael.cluseau@gmail.com>, aff10f57bb83ab155bee3ae720a467409ef896ed
Mike Danese <mikedanese@gmail.com>, aba849c43cfa86bd3b5aeeeb7579fcbd5c5ff9a1
Mike Danese <mikedanese@google.com>, 57f235a99fba2a0718638e8d2cdf779ace5f6e3d
Mike Foley <mfoley@manh.com>, c4e94efe1623df1af72ef9baf02e6f009e948af4
MikeJeffrey <mike.jeffrey@gmail.com>, 4da6d413bec88040fd04284102c4e2c3f82982ce
MikeJeffrey <MikeJeffrey@users.noreply.github.com>, 0c6cd21520e16e624e55ea806c5306f1bacce8ba
Mikel Nelson <github@mikelnelson.net>, bbca7217b7d4129b2c0f6c924d0f7969ceb1cb58
Mike Schiller <mdschiller@gmail.com>, 3efb4527f434aceaac44dfaf452a27745230af1a
mmdriley <mdriley@gmail.com>, d482673bcb5c07d128b5434f0d903f3bdd1881e5
moander <morten@vianett.no>, 070ede27162878b03ed8160997f1de43727f87d1
Morten Andersen <m@qse.no>, e8017d3a907b0098e59618dc88def3a883cfad7e
Mrunal Patel <mrunalp@gmail.com>, 19e0605f5b02825b835faa1ecda0600ce545f1d7
mscherer <misc@zarb.org>, 0dddaa3a42e2c1327cd02a849b708470cea1f8a4
Muhammed Uluyol <uluyol0@gmail.com>, eba19cc96af5d42178e8b1634a6a0a7505d6633c
Muhammed Uluyol <uluyol@google.com>, 3dc10a209ba457aa8fd28a5e0593e1608c6babc4
Nalin Dahyabhai <nalin@redhat.com>, f49aee25078fc68ac10340ae6c7a80fc2db903a6
Nan Deng <dengnan@google.com>, ea4224cbe7c7bb441f2b17078b9b2a1a9a9dcb38
Nan Monnand Deng <monnand@gmail.com>, b587ec0e1aa9540509746b3b34c722ecb1e2b37b
Naoki Ainoya <ainonic@gmail.com>, 4b43086ff2c1f87afa1107eb886f48554a24ddc1
Nataliia Uvarova <grafinya.uvarova@gmail.com>, 73c23383205495b7e9cb33798f6273163e9131ac
Nghia Tran <nghia@google.com>, 8b57b6fea6ade081bb4afccc3c705c46cb00f3ff
Nigel Charman <nigel.charman.nz@gmail.com>, 862065ed8d1a980c8b7f41a3ccad0ceb041b9162
nikhiljindal <nikhiljindal18@gmail.com>, 4c4a084a92a59d3f2cfe6975823f1b20fcec07db
Nikhil Jindal <nikhiljindal18@gmail.com>, 7264ad49f83c6595bdcb63de87d1f22572ce8478
nikhiljindal <nikhiljindal@google.com>, 30a58321e8c17f2f7d59c2787260c4ffe147e080
Nikhil Jindal <nikhiljindal@google.com>, aeeffbd665941167c116a8fede58bef673161df3
Nikolai Prokoschenko <nikolai@prokoschenko.de>, f204a0ff01e0b24505383621b39a12aece7434bf
oaktowner <ciruli@gmail.com>, 95aca622f5f3a4d002dea6166c7343bf124996e7
Olivier Lemasle <o.lemasle@gmail.com>, bdd4d6bb88f64010e79805d37e990b34bc857a07
orangain <orangain@gmail.com>, dec143600a7c4e6b268417dcbec0a847703c47ce
Parth Oberoi <parthoberoi@hotmail.com>, a5d413b774c2dadd00b5e078efce340e598320da
Patrick Flor <git.push.origin@gmail.com>, 302cdceb6ac280e1bb612abbde230f7f128abcbf
Patrick <preilly@php.net>, 9da746e163c8413caae3e8bc26f7b05e2cb23185
Patrick Reilly <patrick@kismatic.io>, bf02aaa97d576cf1116855646a8b4f2fc0054d2a
Patrick Reilly <preilly@php.net>, 41955a9235677ee3edbb8ef58f98c4a5ae84883e
Patrick Tescher <pat2man@gmail.com>, f11446020433bafe3484788a29da827e5cc445c5
Patryk Dunski <patryk.dunski@kende.pl>, 02862f926d719ba96477e34c101e4f9debeccc68
Paul Morie <pmorie@gmail.com>, e5521234e419f42d052d01c7ed03a2cae0dde514
Paul Morie <pmorie@redhat.com>, 561cbcd7c9ce9fe4d0571287f3490b71546a420e
Paulo Pires <pjpires@gmail.com>, 0a64995b7b6cb2e21610743c4ee599b40e7c9971
Paul Weil <pweil@redhat.com>, 709e6546869e4b9fb4122cef32092e62751feb3e
Pedro Marques <pedro.r.marques@gmail.com>, aa30e8f68697e29f0999395e0c0a1d8e5054d4be
Pedro Roque Marques <roque@juniper.net>, bf170a688ca51b9bc011760ba1ca59aae6d1e838
Peeyush Agarwal <peeyushagarwal1994@gmail.com>, 05e069d0389d787b5c2faf97b1184af1a8e598c1
peter-edge <peter.edge@gmail.com>, 0458d707acb0924bd06a5b5cc85071d4c97e7152
Peter Lamar <peterrlamar@gmail.com>, 052ae3130ee2469c2ec3dfa5bdc5c08950b1f928
Peter Novotnak <peter@cyrusbio.com>, 784fc22c7e09b2e2443a61bed2a2701eb151dbae
Phaneendra Chiruvella <hi@pcx.io>, 6b474e6100682224f3285fdb29a0d2c82fa851f9
Philibert Dugas <philibert.dugas@gmail.com>, 02bf08069d00e9269289dbcdc98cf5c84803b0f9
PhilippeDupont <pdupont@teads.tv>, cd055a785c2d1d3d8e3b3be79af1009fd5a7a34c
Philipp Kern <pkern@google.com>, fbbc49df30b0d2268c90b90869c96bf0c5fc8c28
Phillip Wittrock <pwittroc@google.com>, 1ac0579d567d0d632b3cb3f980a86e671d6b89ac
Pierre du Plessis <pierre@pcservice.co.za>, 8ded7be5fb270145bf9caa3a5afb9fab345cbcbd
Pieter Noordhuis <pnoordhuis@vmware.com>, 1df6f9ce6a54f71ebb1f662498c2b6fe1044c309
Piotr Komborski <piotr.komborski@gmail.com>, ddb10e87f8c06c23f2238afc25c2539f5b2a93d9
Piotr Komborski <piotr.komborski@springer.com>, a4149f39711a3d8f76aad63d6aa12c7eecc8dbfb
Piotr Szczesniak <pszczesniak@google.com>, cbce3a1ab8779a69c5867501fb2fa56c91fd3921
Prashanth Balasubramanian <beeps@google.com>, 83f1212e0bb3e7b6d1bd6769583bb45681da7e38
Prashanth B <beeps@google.com>, 9bae6636d5fcf436a3b14d219ced195e10e21fe8
Przemo Nowaczyk <pnowaczyk.mail@gmail.com>, a156691e3784849ca6d566eff055e0d67f6d9cd5
qiaolei <qiaolei2@huawei.com>, 390530d345bf027dbf384e0003a6f13cb6a19579
Qiu Yu <unicell@gmail.com>, 63ed16797d5cab68371bbeba29dfad2a84bea74c
Quinton Hoole <quinton@google.com>, eaf0e3e2f354fc9f03825428762b6e00b60727cf
Quinton Hoole <quinton@quinton-macbookpro.roam.corp.google.com>, cc72eaec3aa359c559fb6ccf9f072be31c362698
Rabi Mishra <ramishra@redhat.com>, 6ddb7cb9de42ac02f03b9df5072b890faf2d974c
Radek Simko <radek.simko@gmail.com>, 40e99a3a330261cfaf847ca744e28b8ebf3761e9
Rafael Chacon <rafaelchacon@gmail.com>, 01a671100d3591ed7f56de1854672d3ebcb1c3ac
Rafael Chacón <rafaelchacon@gmail.com>, c9a3ab168d724bc567c87ed5c35b6c95a2a95299
Rafal Gajdulewicz <r.gajdulewicz@gmail.com>, a7231d86cb31f274b83033bbe36f545d648731e9
Rafał Sokołowski <rsokolowski@google.com>, a4d0ed899a325bd6f3abd12e37b1d8d3507856f2
Raffaele Di Fazio <raffo_uppuiu@yahoo.it>, dc8fc1a6fff77834232962496b185b557272fe9f
Ragnar Dahlén <r.dahlen@gmail.com>, b548465adf11141799735ca3d4367f87dea0f101
Rahul <rchoudhury@gmail.com>, d3b917fcda1d36d2df49c3e7494ca5e8a6eb77c1
Rajat Chopra <rchopra@redhat.com>, 1ce6d80a89eb4d26d8911c115e4c036a77807e34
Rajdeep Dua <dua_rajdeep@yahoo.com>, 05f0a9846b58ce1df4fdf08b9545588cecded844
Raphael Simon <raphael@rightscale.com>, 65c79a717c26b9ad88397ecf66d192261e6c27e7
Ravi Gadde <ravi@datawisesystems.com>, 4b5f8515200730d23f899b8ede5fb92c3b944359
Ravi Sankar Penta <rpenta@redhat.com>, f1d88f6d2f627eee58af9738c53f4c96c2f2b9a4
Remco <remco@dutchcoders.io>, 83f3982eee4d36962919d4f55a41ec1c2111d01a
resouer <resouer@163.com>, 1128d1c44a34742a8f4dfa1841155ad726d0662c
resouer <resouer@gmail.com>, 031e75a02da0a4e0297dcac8615580f64f660c07
Richard Gooch <rgooch@google.com>, e7e7b1cc395d6d5de5a64a7238306253fd9c0ed9
Richard Larocque <rlarocque@google.com>, 9ac9c695347b366f3f8c2e8820b436fc27d938fe
RichieEscarez <rescarez@google.com>, 7b87168e4101b2b3ae81ffaae46537808669a492
rimusz <rmocius@gmail.com>, 62bd233e827e34af714df689fb635fa026e71853
Robert Bailey <robertbailey@google.com>, 08e6a43c1d019c097ecf2075185dbb988627afab
Robert Bailey <roberthbailey@users.noreply.github.com>, b5a4a548df0cffb99bdcc3b9b9e48d4025d0541c
roberthbailey <roberthbailey@users.noreply.github.com>, d3b0c8662495d47ad57da1f3a6d0e6ea2a5c64bc
Robert Rati <rrati@redhat.com>, a248d0ccf92d8204c77a539bbdee809a9e296985
Robert Wilson <robert.wilson1717@gmail.com>, c3579f76d92794f643378c9d2f6af7d4f6469f48
Rob Landers <landers.robert@gmail.com>, 6461928e6b8d898c10c718a6f35d5736da826129
Rodolfo Carvalho <rcarvalh@redhat.com>, b216d09a8d6303208d26b4ec1e551988aa647514
Rohith <gambol99@gmail.com>, dc23ded091415a5478d6000597e5665fae613923
Rohit Jnagal <jnagal@google.com>, c28fa383bd0eb5d157377929a178bc72c84cf96f
Ron Alexander <ron.alexander@rackspace.com>, fede23f2131eecfaaf6ba08407dd825bbdb0c43a
rsokolowski <rsokolowski@google.com>, 5aa46e6342dcbe8c875310be0f77c8066e7cb859
Ruddarraju, Uday Kumar Raju <uruddarraju@ebay.com>, f8d6f13f7c25150cbb76eb7423021060a3f3705a
Ryan Fowler <rwfowler@gmail.com>, d22a29cf6646c91c9ea507345f78f3df4c8a20bd
Ryan Fowler <ryan.fowler@singlewire.com>, 6bef460bdf495a1b450c00e3277b465880fad392
Ryan Richard <ryanrichard07@gmail.com>, ab0a3a1f84db22a57613ec3d950cba3c21c42038
Ryan Richard <ryan.richard@rackspace.com>, 0b26e4e301ed27add8e99679dd089fb5822f2d1c
Ryan Walters <shout@ryanwalters.co>, be945bfd67882ce5d487b05c1e504f21a4e0c733
saadali <saadali@google.com>, 33b5616ebcfd66be12637ea152e979883325516c
Saad Ali <saadali@google.com>, ebe50ea6925ea0257e5d3f695f5798639a083aee
Salvatore Dario Minonne <salvatore-dario.minonne@amadeus.com>, f4dc0653aa18086ead66467ef379f79132869a30
Salvatore Dario MINONNE <salvatore-dario.minonne@amadeus.com>, 61ac2f7437f9fe72eef8cbfd9ef5710447a9c769
Sam Abed <samabed@gmail.com>, 995cb15bb6509b56925a35152d8b032055f642ec
Sam Abed <samsabed@gmail.com>, e7dcec075a120e23197c54f0710c56acde665b0d
Sam Ghods <sam@box.com>, 5ceebb4a5f35c360b5ee40a53c0067c0dc628033
Sami Wagiaalla <swagiaal@redhat.com>, 9ca9ab1b66a2d37e3c13e771047cfa65e7970321
Samuel Marks <samuelmarks@gmail.com>, 
Samuel ROZE <samuel.roze@gmail.com>, f5be3c95546e76b69d3c320ebb5d8be91fe46b99
Sandeep Dinesh <sandeepdinesh@google.com>, d27a104454f2755b78575a72c8845bf3b06f1eb0
sandric <kyrychenkoanton@gmail.com>, f0c3f372a53b9f64acdbbedf599015246a1281c8
Santosh Sahoo <santoshsahoo@users.noreply.github.com>, ae23ef76e965f3493e9bedf0035d45d416624dd8
Satnam Singh <satnam6502@gmail.com>, bf2d4ebb33b3dd34bad7a17fd0f6daf5b3ce2552
Satnam Singh <satnam@google.com>, d3a8e5374bb815b0f887eecb1d41836aa3caf744
Satnam Singh <satnam@raintown.org>, 2bfa9a1f98147cfdc2e9f4cf50e2c430518d91eb
scollier <emailscottcollier@gmail.com>, 2e3766b67bfb6b96452065cd5201a1b592f8fc07
Scott Collier <emailscottcollier@gmail.com>, 5908beb2cf1fd94faf685e3f17df8e09891317b9
Scott Creeley <screeley@redhat.com>, 40c03b057ae59fa46c0d7f91b6eb4c191845d611
Scott Dodson <sdodson@redhat.com>, 7661a420586bd7382b8be0c3b1021ad2f9804603
Scott Konzem <konzems@gmail.com>, 1cff55f874c9fbcb97fe607208e930339956c7d7
scuxiayiqian <scuxiayiqian@gmail.com>, 831017e5a996aaa4a4fc9e1c5c449417ac9b9e21
Sean Borman <github@seanborman.com>, 1fc29e20ccc72a1c1e030fb545e56880d9aeb4e4
Sean O'Keefe <seano314@users.noreply.github.com>, 31b589abbe53b1aa876492e9a908c680842d63f9
Sebastian Müller <info@sebastian-mueller.net>, e1172fc78c69bce326a457f82598f63f89d3b298
Sebastien Goasguen <runseb@gmail.com>, 54e8090b3256ba63b7c3f2f91d3de3441351042e
Sergey Evstifeev <sergey.evstifeev@gmail.com>, a8461efa29391a9d46e1e557da58f4068bafe760
Sergey Evstifeev <sergey.evstifeev@klarna.com>, 5236b22cda0932816bf30359faaa44378149b536
Seth House <seth@eseth.com>, e01adf3ec1f84ed75a52d5c5c3b7fae16d62177e
Shai Coleman <git@shaicoleman.com>, ef72c4ca1d32924df9812c866508d820675f8b1e
Shaun Parker <shaunrparker@gmail.com>, 6db9b3c302692123e3466b4846ed8dfc9924379c
Shaun Stanworth <shaun@freeformers.com>, 74bb1b349aa73ebd23a7b3274198c3990ce76a73
Shawn Smith <shawnpsmith@gmail.com>, 5d5c660f4b46756922c7a9800dda38eb52644e9b
Shichao An <anshichao.cn@gmail.com>, 4e4b2fedfeba14f45ecc9e33b7600f6829533cfd
Shimin Guo <smguo2001@gmail.com>, 539b3523eeb2332e6c39862131291e3c50405d4d
Shlomi Zadok <shlomi@ben-hanna.com>, 7054b5848f3377c8d732ee1299dfccc8e4448aaa
Sidharta Seethana <sidharta.apache@gmail.com>, aea11720fd292603a38e237f7c607285a6334dc7
Simone Gotti <simone.gotti@gmail.com>, 10904f22175825d6050b79328e9f7d83fe6d89ae
Solly Ross <sross@redhat.com>, 3bbdb16149747c9ebf6b4979ba6d687db498902c
Sreekanth Pothanis <spothanis@ebay.com>, f5da6b34ce45c12b6b1d59413391bb3c9d8645e5
Stef Walter <stefw@redhat.com>, cd4f0b43ef64166e06cd1fe24740a22879fd6c56
Stephen Gallagher <sgallagh@redhat.com>, 
Steve Kuznetsov <skuznets@redhat.com>, 0a07a46100a22b3de951f741847c6ffb95e8c8af
Steve Kuznetsov <steve.kuznetsov@gmail.com>, ea3998e9818c1c9fecdf76df741c8a2daee4e521
Steve Milner <smilner@redhat.com>, 3181e5b9138d05c2bc2dc6654bf85b6dfb3c4854
Steve Milner <stevem@gnulinux.net>, 4af8cd78a3d1c06bd899fe7c823b107726b5bd65
Steve Reed <sreed@zulily.com>, 38230ef12fbf318e6012cb965711bebcf96c225c
Steve Sloka <slokas@upmc.edu>, 7578da17198b491a7985104cc2b0960d4daaa07e
Steve Watt <swatt@redhat.com>, 374d2457345d1d9894f65710f08e676e2d043911
Steve Watt <wattsteve@yahoo.com>, 0d6cf9ae99bc5d09e74e979e11395c809d43bc6d
Subin M <subin@apache.org>, bd52a0cb80d639d64a6cb4f0c4fafe70b60e1345
Swapnil Kulkarni <coolsvap@gmail.com>, a174bba585d3309c1da2aae89e15131d729d511a
Takeshi Hagikura <shiketa1999@gmail.com>, af4585b818500c548c55688042d01684300dcad2
Tamer Tas <contact@tmrts.com>, 16b4428043d45422c62e64da15dfbccac1c93cfc
Tamer Tas <tamertas@outlook.com>, 6d84838c0f92b3b1c7d417d782ab1b534dc01a63
Tamer Tas <tmrts@users.noreply.github.com>, be7c223043479749626248024c8c2d8dd039741e
Thien-Thi Nguyen <tnguyen@redhat.com>, 1647e12c4ed808be1d1619534cdac68a04f03a3b
Thom May <thom_may@external.mckinsey.com>, b39a4546b8436635e84a4b9dd9a964cb14960be2
Thom May <thom@may.lt>, 8357e1521aafcb1047c325e1b2955964ac00308d
Thorsten Scherf <tscherf@redhat.com>, 91df16f96b596cd1d309fd227a14d9b70d62e13c
Tim Hockin <thockin@google.com>, f0a9badd2d50548544a0b53fef8cbf1e4852c5bc
Timothy St. Clair <tstclair@redhat.com>, 2b7e758c3c279e7f9efc17e17b4c565de5b648f0
Tim St. Clair <stclair@google.com>, a244357ccdfbedefc2a3616c9369526ffebd0cd4
T.Miyake <info@miyake.me>, 87779023c702e49c78973f1899d12860b2b9d66c
Tobi Knaup <tobi@mesosphere.io>, b96c4046a8db538f0a341ff01126c814a8da3783
Todd Derr <salty@google.com>, 98ed2e8606c5f42d2c4d70fe69f363997c52593b
Tomás Senart <tomas@mesosphere.io>, 2a3ffe40381933cca0b2edf56c79b956c8487919
Tomek Kulczynski <tkulczynski@google.com>, 290c7b94ef319213df3280b2f82b1d45ad587565
Tony Hsu <gosharplite@gmail.com>, 2e68eb9bdc0dc99bfc741523b5559f90efa04f6d
Travis Beatty <travisby@gmail.com>, 07420419bb1a7da3f1c1ad3116e40dfdea57aed6
Trevor Pounds <trevor.pounds@gmail.com>, 6eea271656a0812885dbcffdaca81b09e9cfe7c2
tummychow <sjung@squareup.com>, 78ce5da9888c7c7dbd5a6f5e2bfb25ca3be76acb
uberj <jaxbr503@gmail.com>, 7b28c46f6aee31019b08b97d58c85ed2e4fe9d62
Uri Sarid <usarid@gmail.com>, 0ef752aa00912f243ce107c547cfb3b9d1f03285
Vallard Benincosa <vallard@benincosa.com>, 964d4c7111fdcd1556961a8ea1712b9df86a9d01
Vanya Tarasov <vanya@google.com>, d6c43b0606dbebfeec7829291da8cc418b7ea56a
Veres Lajos <vlajos@gmail.com>, 9f77e491091c88b4498e8cc90c773dff00d33330
Vicken Simonian <vsimon@gmail.com>, 52cff02edba85e0d7ca5c3982d469a3abcea9a20
Victor HU <huruifeng@huawei.com>, eb473676ced3269442f5a9d49973101884ef8b62
Victor Marmol <vmarmol@google.com>, cabecc1271bc68b7b72a8bc3e4ec6819f056d592
Vincent Batts <vbatts@redhat.com>, 22a457e46f6e2e7210893c6fd1adb8cc4ba4494b
Vipin Jain <vipijain@insiemenetworks.com>, 787c80bd9f9dd3f45a2d6653032a9ada9345e5e6
Vish Kannan <vishh@users.noreply.github.com>, 5ea41906d41728fd826ba453319c55d56d21a9ef
Vishnu Kannan <vishnuk@google.com>, ec22c2dd825044319f81d97edb4e4642dbff61bc
Vladimir Shcherbakov <shcherbakov.mailbox@gmail.com>, 6ea71915929ac394514f9807614faf1c40da8fb4
Vojtech Vitek (V-Teq) <vvitek@redhat.com>, 87263b43806e61a1b48c5da34ab46e30e9968815
Wael M. Nasreddine <wael.nasreddine@gmail.com>, 
Weiwei Jiang <wjiang@redhat.com>, d59f3aeef12aee4ea17c847b47c7567e10c95ea7
Wes Turner <wes.turner@gmail.com>, 3910114b53de1e9cc9cae64c29f9b159d73f3459
whitel <langdon@redhat.com>, 6619b30b4f43cbaeab5ca33a0081019259f44f15
Whit Morriss <whit.morriss@canonical.com>, dd81cfd4b83523ee7ba43c228fbc0201116f24fb
wizard <wizardcxy@126.com>, ca16a57b54020c48be5946089b416f29dab37b83
wizard <wizard_cxy@hotmail.com>, 9b82c4716a1ffbd96ab01150d6e87ed70f95eaa1
Wojciech Tyczynski <wojtekt@google.com>, cd1ac360deb30a5fba24858b8d71066f3dc3a17f
wulonghui <wulonghui6666@gmail.com>, b50e7361848bba7ad2a10d52d225b8a0a6034445
xavierbaude <xavier.baude@adeoservices.com>, 62a0b45a728a9f94969764d856e4ebe71365c896
Xiang Li <xiang.li@coreos.com>, 041c0a6f2b19302aca66ae67d6f0538569ff46e2
Xiang Li <xiangli.cs@gmail.com>, fb3c8f9452ac034cde37559b83ee46d59f74fb29
xiejunan <xiejunan@huawei.com>, f5446f2aa396c2d46f44e053bfa46311c730c62d
Xingyu Chen <wizard_cxy@hotmail.com>, aeeebe2126c16a5959a44b5112435090610cb312
yaoguo <jiangyaoguo@gmail.com>, 1460a1fb9ea59fdb182073040a0e5ea02dd7dab6
Yaron Rosenbaum <yaronr@users.noreply.github.com>, e7f7ac790dced1c13c2cb0c19106ae921e544be2
Yash Parikh <parikh.yash21@gmail.com>, 207dfe54f07186f8733cbaff9852c23b9d3ee407
Ye Yin <eyniy@qq.com>, 248624fc1f6b5710db8742c07f9e2d4584ca1525
Yicheng Qin <qycqycqycqycqyc@gmail.com>, a555758b39240448c1d9124ad56308c417fb9f4f
Yifan Gu <guyifan1121@gmail.com>, 7831b7da72d64400e09dd4b797d8b5e38ad6f408
Yifan Gu <yifan.gu@coreos.com>, cbee5c36f4dee2998ec7683d046648328dbcc879
YOSHIKAWA Ryota <yoshikawa@heartbeats.jp>, 665a4254c296ed3d4eeb86fc6fccf68e173654c3
you-n-g <afe.young@gmail.com>, dd538464d600b6b8123a7bb8a8d09bdc728b2cbe
Young <afe.young@gmail.com>, f181e98ebdc0b8e88ec41f821d157d9503bde573
Yu-Ju Hong <yjhong@google.com>, 08ec7969955635e8925b642c25b0857453c3918d
Yuki Sonoda (Yugui) <yugui@yugui.jp>, df9da65939fda9370cdc47ff90e32fe4d4c0dfb4
Yuki Yugui Sonoda <yugui@google.com>, 864bfb65da8bdefb2e01df717008e341ca80a300
yuqi huang <huangyuqi@huawei.com>, 8de12acc3d3ac391f28c4854f557421dac5cbcea
yuqi huang <huangyuqi@users.noreply.github.com>, a20de17d5e7ff21e1575dbf7d74027e57fc43561
Yuvi Panda <yuvipanda@gmail.com>, e35d06fd17e5a2e12d22f82a405e42445f5c6be6
Yves Junqueira <yves.junqueira@gmail.com>, aab58c80330b20b19b6a8ad251c6122b125d772e
Zach Loafman <zml@google.com>, 65087a40ba8aa11b63e85f97693b9eb0ab88e73a
Zack Gold <zg@users.noreply.github.com>, 73dd1f92145385d989f81f8ce098e4fc0a60b58c
ZhiMing Zhang <maple_m@hotmail.com>, 4545b63e20f13e43b1f3a73801def71de7486b16
Zichang Lin <linzichang@huawei.com>, 4d8eedd13d66009c94e1fa47c97303b8bfc92cef
