      1 ##7oku <tk@gl-systemhaus.de>
      1 ##Aamir Khan <syst3m.w0rm@gmail.com>
      1 ##Aaron Bell <aaron.bell@gmail.com>
      1 ##Aaron Levy <aaron.levy@coreos.com>
    131 ##Abhi Shah <abshah@google.com>
     33 ##Abhishek Gupta <abhgupta@redhat.com>
     42 ##Abhishek Shah <abshah@google.com>
      1 ##Ács Sándor <acs.sandor@ustream.tv>
      1 ##Adam Durana <adam@nine.net>
      1 ##Adam Dymitruk <adam@dymitruk.com>
     11 ##Adam Sunderland <iterion@gmail.com>
      2 ##Aditya Patawari <aditya@adityapatawari.com>
      1 ##Adnan Hajdarević <adnanh@gmail.com>
      1 ##Ahmet Alp Balkan <ahmetalpbalkan@gmail.com>
      3 ##Akram Ben Aissi <akram.benaissi@gmail.com>
      1 ##akramer <adam@the-kramers.net>
      2 ##Akshay Aurora <akshayaurora@yahoo.com>
      1 ##Alan Williams <alanwill81@gmail.com>
      2 ##Albert Zhang <zhgwenming@gmail.com>
      7 ##Alen Komljen <alen.komljen@live.com>
      1 ##alex <alex@cloudware.it>
      1 ##Alexander <iam.asm89@gmail.com>
      1 ##Alexandr Lurye <alml@google.com>
      1 ##Alexandros Mavrogiannis <almavrog@google.com>
     33 ##Alex Mohr <mohr@google.com>
      1 ##Alex Polvi <alex@polvi.net>
    142 ##Alex Robinson <alexdwanerobinson@gmail.com>
    167 ##Alex Robinson <arob@google.com>
      2 ##Alissa Bonas <abonas@redhat.com>
      1 ##Al Tobey <tobert@gmail.com>
      1 ##Aly Fulton <sinthetix@users.noreply.github.com>
      4 ##Amy Unruh <amy@infosleuth.net>
      4 ##Amy Unruh <amyu@google.com>
      3 ##Ananya Kumar <skywalker94@gmail.com>
     18 ##Anastasis Andronidis <anastasis90@yahoo.gr>
      1 ##Andrew Gerrand <adg@golang.org>
      3 ##Andrew M Bursavich <abursavich@gmail.com>
      2 ##Andrew Seidl <dev@aas.io>
      4 ##Andrew Smith <me@andrewmichaelsmith.com>
      1 ##Andrew Watson <andrewmoorewatson@gmail.com>
      1 ##Andrew Williams <williams.andrew@gmail.com>
      4 ##Andriy Yurchuk <ayurchuk@minuteware.net>
     23 ##Andy Goldstein <agoldste@redhat.com>
      1 ##Andy Lindeman <andy@operable.io>
     20 ##Angus Lees <gus@inodes.org>
      6 ##Anthony Yeh <enisoc@google.com>
      1 ##Antmanler <antmanler@gmail.com>
      3 ##Antoine Cotten <tonio.cotten@gmail.com>
      1 ##Anton Ilin <anton@ilin.dn.ua>
     15 ##António Meireles <antonio.meireles@reformi.st>
      2 ##Arsen Mamikonyan <arsen@mamikonyan.am>
      2 ##arun-gupta <arun.gupta@gmail.com>
      1 ##Ashwin Raveendran <ashw7n@gmail.com>
      1 ##Atish <atish@atish.info>
     17 ##Avesh Agarwal <avagarwa@redhat.com>
      1 ##Balazs Varga <varbalazs@gmail.com>
     22 ##BC Broussard <bc@kismatic.io>
      1 ##Bearnard Hibbins <bearnard@gmail.com>
      1 ##Benjamen Keroack <benjamen.keroack@dollarshaveclub.com>
      1 ##Benjamin Elder <ben.the.elder@gmail.com>
      1 ##Benjamin Peterson <benjamin@python.org>
      6 ##Ben McCann <ben@connectifier.com>
      1 ##Ben Parees <bparees@redhat.com>
      1 ##Benson Kalahar <bensonk@google.com>
     11 ##BenTheElder <ben.the.elder@gmail.com>
    159 ##bgrant0607 <bgrant0607@users.noreply.github.com>
      1 ##Blake Haggerty <blake.haggerty@rackspace.com>
      2 ##Brad Wells <bwells@altalang.com>
      1 ##Brandon Davis <brandon.davis@oncenter.com>
      4 ##Brandon Philips <brandon@ifup.org>
   1249 ##Brendan Burns <bburns@google.com>
      4 ##Brendan Burns <brendan.d.burns@gmail.com>
      3 ##Brendan Burns <real.cost.info@gmail.com>
    285 ##brendandburns <bburns@google.com>
      1 ##brendandburns <brendandburns@users.noreply.github.com>
      5 ##Brian Akins <brian.akins@coreos.com>
      2 ##Brian Browning <bwbrowning@gmail.com>
      7 ##Brian Dorsey <briandorsey@google.com>
      4 ##Brian Dorsey <brian@dorseys.org>
      2 ##Brian Fallik <baf11@cornell.edu>
    410 ##Brian Grant <bgrant0607@users.noreply.github.com>
     69 ##Brian Grant <briangrant@google.com>
      1 ##Brian Hong <sungjinhong@devsisters.com>
      2 ##Brian Ketelsen <bketelsen@gmail.com>
      2 ##Brian Ketelsen <brian@xor.exchange>
      1 ##Brian Lynch <brianlynch@gmail.com>
      1 ##Brian Morton <brian@xq3.net>
      5 ##Brian Waldon <brian.waldon@coreos.com>
      1 ##Bryan Stenson <bryan.stenson@gmail.com>
      4 ##Burcu Dogan <jbd@google.com>
      2 ##BUSSY Jean-Daniel <SilverSurfer972@gmail.com>
      2 ##caesarxuchao <caesarxuchao@gmail.com>
      1 ##Carlos Sanchez <csanchez@maestrodev.com>
      2 ##Casey D <casey.davenport@metaswitch.com>
     24 ##Cesar Wong <cewong@redhat.com>
      2 ##chakri <chakri@datawisesystems.com>
      2 ##Chao Xu <caesarxuchao@users.noreply.github.com>
    169 ##Chao Xu <xuchao@google.com>
      7 ##Charles Butler <chuck@dasroot.net>
      2 ##Chia-liang Kao <clkao@clkao.org>
      1 ##Chi Vinh Le <cvl@winged.kiwi>
      1 ##Chmouel Boudjnah <chmouel@chmouel.com>
      2 ##Chris Alfonso <calfonso@redhat.com>
      1 ##Chris Hiestand <chrishiestand@gmail.com>
      2 ##Chris Hiestand <chris@oakleon.com>
      2 ##Chris Moos <chris@tech9computers.com>
      1 ##Chris Soyars <ctso@ctso.me>
      1 ##Christiaan Hees <mail@chees.info>
      1 ##Christophe Labouisse <christophe@labouisse.org>
      2 ##Christopher Najewicz <chief@beefdisciple.com>
      1 ##Christoph Hartmann <chris@lollyrock.com>
     38 ##CJ Cullen <cjcullen888@gmail.com>
     69 ##CJ Cullen <cjcullen@google.com>
     25 ##Claire Li <claire921@gmail.com>
    772 ##Clayton Coleman <ccoleman@redhat.com>
      1 ##codemonkey77 <arb77@hotmail.com>
      4 ##Cole Mickens <cole.mickens@gmail.com>
      2 ##Colin Walters <walters@verbum.org>
      2 ##colmm99 <colmomonks@gmail.com>
      2 ##Connor Doyle <connor@mesosphere.io>
      1 ##Craig Wickesser <craig@mindscratch.org>
     11 ##csrwng <cewong@redhat.com>
      1 ##Dai Zuozhuo <daizuozhuo@gmail.com>
      1 ##Dan Ciruli <ciruli@gmail.com>
      2 ##Daniel Dreier <d@puppetlabs.com>
      1 ##Daniel Lobato García <elobatocs@gmail.com>
      3 ##Daniel Norberg <daniel.norberg@gmail.com>
      1 ##Daniel Norberg <dano@spotify.com>
   1292 ##Daniel Smith <dbsmith@google.com>
      1 ##Dan Mace <dmace@redhat.com>
     13 ##Dan Mace <ironcladlou@gmail.com>
      4 ##Dan McPherson <dmcphers@redhat.com>
     14 ##Danny Jones <jonesdl@google.com>
      2 ##Dan Osborne <daniel.osborne@metaswitch.com>
      1 ##darkgaro <darkgaro@me.com>
      2 ##Dave Bailey <davebailey@google.com>
      1 ##Dave <dave@perljedi.com>
      2 ##David Aronchick <aronchick@gmail.com>
      2 ##David Calavera <david.calavera@gmail.com>
      4 ##davidopp <davidopp@gmail.com>
     56 ##David Oppenheimer <davidopp@gmail.com>
     52 ##David Oppenheimer <davidopp@google.com>
      3 ##David Reynolds <david@alwaysmovefast.com>
      2 ##David Symonds <dsymonds@golang.org>
    556 ##Dawn Chen <dawnchen@google.com>
     81 ##deads2k <deads@redhat.com>
     54 ##Derek Carr <decarr@redhat.com>
      1 ##Derek Chiang (Enchi Jiang) <derekchiang93@gmail.com>
      1 ##Derek Gonyeo <dgonyeo@csh.rit.edu>
    246 ##derekwaynecarr <decarr@redhat.com>
      4 ##devashish <devashish.86@gmail.com>
     75 ##Deyuan Deng <deyuan.deng@gmail.com>
     17 ##Deyuan Deng <Deyuan.Deng@gmail.com>
     39 ##Deyuan Deng <deyuan@google.com>
      1 ##dima <pronix.service@gmail.com>
      4 ##dingh <dinghaiyang@huawei.com>
      2 ##Di Xu <xudifsd@gmail.com>
      1 ##dkorn <dkorn@redhat.com>
      1 ##dma <dma@redhat.com>
      1 ##Drew Csillag <drewc@spotify.com>
     35 ##Dr. Stefan Schimanski <stefan.schimanski@gmail.com>
      2 ##Dylan Carney <dcarney@gmail.com>
      5 ##Ed Costello <epc@epcostello.com>
      1 ##Edoardo Tosca <edoardo.tosca@gmail.com>
      1 ##Ed Rooth <sym3tri@users.noreply.github.com>
      1 ##Egor Guz <guz_egor@yahoo.com>
      1 ##elsonrodriguez <elson.rodriguez@gmail.com>
      2 ##Elson Rodriguez <elson.rodriguez@gmail.com>
      1 ##Eric Elliott <dilvie@dilvie.com>
      1 ##erickhan <ericha@google.com>
      3 ##Eric Mountain <eric.mountain@amadeus.com>
    195 ##Eric Paris <eparis@redhat.com>
     18 ##erictune <etune@google.com>
    455 ##Eric Tune <etune@google.com>
      1 ##Erik St. Martin <alakriti@gmail.com>
      1 ##Evan Flynn <evan.flynn@gmail.com>
      5 ##fabianofranz <contact@fabianofranz.com>
      2 ##Fabio Yeon <fabioy@fabioy-macbookpro2.roam.corp.google.com>
     13 ##Fabio Yeon <fabioy@google.com>
     56 ##Fabio Yeon <fabioy@users.noreply.github.com>
      2 ##fabioy <fabioy@google.com>
     40 ##Federico Simoncelli <fsimonce@redhat.com>
     20 ##feihujiang <jiangfeihu@huawei.com>
    135 ##Filipe Brandenburger <filbranden@google.com>
     98 ##Filip Grzadkowski <filipg@google.com>
      2 ##Francisco Souza <f@souza.cc>
      1 ##Fumitoshi Ukai <ukai@google.com>
      1 ##Gabe Conradi <gabe@tumblr.com>
      3 ##Gabriel Weyer <gabrielweyer@gmail.com>
      6 ##Gao Zheng <gaozheng0123@163.com>
      1 ##Gareth Rushgrove <gareth@morethanseven.net>
      5 ##George Kuan <commonlisp@gmail.com>
      1 ##gleamglom <gleamglom@gmail.com>
     44 ##gmarek <gmarek@google.com>
     12 ##goltermann <goltermann@google.com>
      5 ##goltermann <goltermann@users.noreply.github.com>
      1 ##gong yong sheng <gong.yongsheng@99cloud.net>
      1 ##gosharplite <gosharplite@gmail.com>
      1 ##Greg Taylor <snagglepants@gmail.com>
      8 ##Gurpartap Singh <contact@gurpartap.com>
      6 ##Gurvinder Singh <gurvindersinghdahiya@gmail.com>
      3 ##Gurvinder Singh <gurvinder.singh@uninett.no>
      1 ##hallucynogenyc <hallucynogenyc@gmail.com>
      9 ##Haney Maxwell <hmrmaxwell@gmail.com>
      5 ##Harry Zhang <harryzhang@zju.edu.cn>
      1 ##Harry Zhang <resouer@gmail.com>
      1 ##Hector Virgen <djvirgen@gmail.com>
      3 ##Hendrik Volkmer <hvolkmer@gmail.com>
      6 ##He Simei <hesimei@zju.edu.cn>
      1 ##hokutosei <jeanepaul@gmail.com>
      6 ##Huamin Chen <hchen@redhat.com>
      1 ##huangqg <csuhp007@gmail.com>
      1 ##Hunter Freyer <yt@hjfreyer.com>
     10 ##hurf <huruifeng@huawei.com>
      1 ##hyeongkyu.lee <hyeongkyu.lee@navercorp.com>
      1 ##Ian Lewis <ianmlewis@gmail.com>
      1 ##Ian Lewis <IanMLewis@gmail.com>
      1 ##Ian Miell <ian.miell@gmail.com>
      7 ##Ido Shamun <idoesh1@gmail.com>
     28 ##Ilya Dmitrichenko <errordeveloper@gmail.com>
      1 ##Ilya Yakovlev <iHile@users.noreply.github.com>
      1 ##Imesh Gunaratne <imesh@apache.org>
      3 ##Ingo Gottwald <in.gottwald@gmail.com>
      2 ##invenfantasy <caogaojin.nk@gmail.com>
      4 ##Isaac Hollander McCreery <ihmccreery@google.com>
      3 ##jackgr <jackgr@google.com>
      1 ##Jakub Hadvig <jhadvig@redhat.com>
      2 ##James Davies <jdavies@skedulo.com>
     10 ##James DeFelice <james.defelice@gmail.com>
     12 ##James DeFelice <james.defelice@ishisystems.com>
     25 ##James DeFelice <james@mesosphere.io>
      2 ##James Kyle <james@jameskyle.org>
      4 ##Jan Chaloupka <jchaloup@redhat.com>
      1 ##Jan Dolecek <juzna.cz@gmail.com>
     28 ##Janet Kuo <chiachenk@google.com>
      4 ##Janet Kuo <JanetKuo@users.noreply.github.com>
      9 ##Jan Safranek <jsafrane@redhat.com>
      1 ##Jason Giedymin <jasong@apache.org>
      1 ##Jason Hunter <jthunter@google.com>
      1 ##Jason Kuhrt <jasonkuhrt@me.com>
      1 ##Jason Riddle <jason-riddle@users.noreply.github.com>
      3 ##Jason Riddle <jr1285@vt.edu>
      3 ##Jason Sommer <jsdirv@gmail.com>
      1 ##Jay Lau <liugya@cn.ibm.com>
      1 ##Jay Pipes <jaypipes@gmail.com>
      6 ##Jayson Raymond <jraymond@accelerantmobile.com>
     48 ##jayunit100 <jay@apache.org>
     11 ##jayunit100 <jayunit100@gmail.com>
      2 ##jay vyas <jayunit100@gmail.com>
      1 ##jbdalido <jbdalido@gmail.com>
      3 ##Jean-Francois Chevrette <jf.cron0@gmail.com>
      5 ##Jeff Bean <jeff.bean@hds.com>
      9 ##Jeff Bean <jeffreyrobertbean@gmail.com>
     19 ##Jeff Grafton <ixdy@users.noreply.github.com>
     38 ##Jeff Grafton <jgrafton@google.com>
    210 ##Jeff Lowdermilk <jeffml@google.com>
     54 ##Jeff Lowdermilk <tiro.jeff.ml@gmail.com>
     14 ##Jeff Lowdermlk <tiro.jeff.ml@gmail.com>
     13 ##Jeff Mendoza <jeffmendoza@google.com>
     35 ##Jeff Mendoza <jeffmendoza@live.com>
      3 ##Jeffrey Bean <jeffreyrobertbean@gmail.com>
      1 ##Jeffrey Paine <freighttrain@google.com>
      3 ##Jeffrey Sica <jeef111x@gmail.com>
      1 ##Jernej Kos <jernej@kos.mx>
      3 ##Jeromy Carriere <jcarriere@google.com>
     76 ##Jerzy Szczepkowski <jsz@google.com>
      8 ##Jessica Forrester <jforrest@redhat.com>
     20 ##jhadvig <j.hadvig@gmail.com>
      1 ##jhadvig <jhadvig@redhat.com>
     10 ##jiangyaoguo <jiangyaoguo@gmail.com>
      1 ##Jian Huang <alfred.huangjian@huawei.com>
      7 ##Jimmi Dyson <jimmidyson@gmail.com>
      1 ##jjy <jjyruby@gmail.com>
      1 ##jkaplowitz <jkaplowitz@users.noreply.github.com>
      1 ##Joakim Gustin <jocke.gustin@gmail.com>
    181 ##Joe Beda <joe@bedafamily.com>
    275 ##Joe Beda <joe.github@bedafamily.com>
      2 ##Joel Sutherland <jdsutherland3@gmail.com>
      2 ##Joerg Schad <joerg@mesosphere.io>
     87 ##Johan Euphrosine <proppy@google.com>
      2 ##Johannes 'fish' Ziemke <github@freigeist.org>
      3 ##John Asmuth <jasmuth@gmail.com>
      1 ##john wilkes <johnwilkes@google.com>
      5 ##Jonathan Boulle <jonathan.boulle@coreos.com>
      1 ##Jonathan Wills <runningwild@gmail.com>
      1 ##Jon Langemak <jon@interubernet.com>
      1 ##Joonsung Lee <joonsung@devsisters.com>
     66 ##Jordan Liggitt <jliggitt@redhat.com>
      1 ##Joseph Anthony Pasquale Holsten <joseph@josephholsten.com>
      1 ##Julia Ferraioli <julia.ferraioli@gmail.com>
      1 ##Julius Volz <julius.volz@gmail.com>
      1 ##jumpkick <ironstorm@gmail.com>
      1 ##Junseong Lee <hodduc@hodduc.net>
     20 ##Justin Huff <jjhuff@mspin.net>
      1 ##Justin Lindh <justinlindh@gmail.com>
      1 ##Justin Lindh <justin.lindh@webfilings.com>
    278 ##Justin Santa Barbara <justin@fathomdb.com>
      7 ##Justin SB <justin@fathomdb.com>
      1 ##Kai Zhang <zakir.exe@gmail.com>
      1 ##Kamal Marhubi <kamal@marhubi.com>
     24 ##kargakis <kargakis@users.noreply.github.com>
      3 ##kargakis <michaliskargakis@gmail.com>
      5 ##Karl Beecher <karl@endocode.com>
      7 ##Karl Isenberg <karl@mesosphere.io>
      2 ##Kathrin Probst <kprobst@google.com>
      1 ##Kathrin Probst <kprobst@kprobst-macbookair2.roam.corp.google.com>
      1 ##Kazuki Suda <kazuki.suda@gmail.com>
      1 ##keisuke oohashi <keisuke.oohashi@gmail.com>
      1 ##Kel Cecil <kelcecil@praisechaos.com>
     37 ##Kelsey Hightower <kelsey.hightower@gmail.com>
     18 ##Kenjiro Nakayama <nakayamakenjiro@gmail.com>
      6 ##Kennan <wkq5325@gmail.com>
      3 ##Kevin Lyda <kevin@ie.suberic.net>
      1 ##Kieran O'Mahony <kieranom@gmail.com>
      4 ##Kit Merker <kitm@google.com>
      1 ##KORNISTE <Korniste@Kornisteui-MacBook-Pro.local>
     36 ##Kouhei Ueno <kouhei@google.com>
      2 ##Kris <krousey@google.com>
     40 ##Kris Rousey <krousey@google.com>
     85 ##krousey <krousey@users.noreply.github.com>
      1 ##Kyle Mathews <mathews.kyle@gmail.com>
     19 ##Lénaïc Huard <lhuard@amadeus.com>
      1 ##Liang-Chi Hsieh <viirya@gmail.com>
      2 ##litian54 <tianli8954@gmail.com>
      1 ##Luke Benson <luke.benson@emergingstack.com>
      2 ##Lv Lv <github@lvlv.email>
      1 ##Maciej Chmielarski <m.chmielarski@gmail.com>
      4 ##Maciej Szulik <maszulik@redhat.com>
      3 ##Madis Nõmme <madis.nomme@gmail.com>
      1 ##Manan Saraf <saraf3@illinois.edu>
      6 ##Manfred Geiler <manfred.geiler@irian.at>
      1 ##Manuel Amador (Rudd-O) <rudd-o@rudd-o.com>
      1 ##Marc Cyprien <marc.cyprien@esigetel.net>
      1 ##Marcel Hauf <mail@marcelhauf.name>
     35 ##Marcin Wielgus <mwielgus@google.com>
      1 ##Marc Tamsky <tamsky@users.noreply.github.com>
      1 ##Marc Tremblay <marcandre.tr@gmail.com>
      1 ##marekbiskup <biskup@google.com>
     41 ##Marek Biskup <biskup@google.com>
      2 ##Marek Biskup <marekbiskup@users.noreply.github.com>
     36 ##Marek Grabowski <gmarek@google.com>
      1 ##Marek Grabowski <grmarek@gmail.com>
      3 ##Maria Nita <maria.nita.dn@gmail.com>
      1 ##Mark deVilliers <markdevilliers@gmail.com>
      1 ##MarkDv <markdevilliers@gmail.com>
      1 ##Mark Lamourine <markllama@gmail.com>
      2 ##Mark Maglana <mmaglana@gmail.com>
      1 ##Marko Luksa <marko.luksa@gmail.com>
      1 ##Mark S. Petrovic <mspetrovic@gmail.com>
    108 ##markturansky <mturansk@redhat.com>
      1 ##Martin Gannholm <martin@way2clever.com>
      6 ##Martin Nagy <nagy.martin@gmail.com>
      3 ##Maru Newby <marun@redhat.com>
     20 ##Masahiro Sano <sabo.ttenda@gmail.com>
      2 ##Mat Schaffer <mat@schaffer.me>
      2 ##Matt Bogosian <mtb19@columbia.edu>
     20 ##Matt Bruzek <matthew.bruzek@canonical.com>
     22 ##Matt Bruzek <mbruzek@gmail.com>
     14 ##Matthew Farrellee <matt@redhat.com>
      8 ##Matt Moore <mattmoor@google.com>
      1 ##Matt T. Proud <matt.proud@gmail.com>
     56 ##Max Forbes <maxforbes@google.com>
      2 ##Maxwell Forbes <maxforbes@google.com>
     64 ##Maxwell Forbes <mbforbes@users.noreply.github.com>
      2 ##mazswojejzony <mazswojejzony@users.noreply.github.com>
      1 ##mdshuai <dma@redhat.com>
     13 ##Meir Fischer <meirfischer@gmail.com>
      2 ##mgannholm <mgannholm@users.noreply.github.com>
      1 ##Michael Bessolov <mbessolov@users.noreply.github.com>
      1 ##Michael Danese <mikedanese@google.com>
      5 ##Michael Jeffrey <mjeffrey@mjeffrey-macpro.kir.corp.google.com>
     14 ##Michal Fojtik <mfojtik@redhat.com>
      1 ##Miguel Perez <mperez@mediamath.com>
      1 ##Mikaël Cluseau <mikael.cluseau@gmail.com>
    292 ##Mike Danese <mikedanese@gmail.com>
      1 ##Mike Danese <mikedanese@google.com>
      2 ##Mike Foley <mfoley@manh.com>
      5 ##MikeJeffrey <mike.jeffrey@gmail.com>
     25 ##MikeJeffrey <MikeJeffrey@users.noreply.github.com>
      1 ##Mikel Nelson <github@mikelnelson.net>
      1 ##Mike Schiller <mdschiller@gmail.com>
      1 ##mmdriley <mdriley@gmail.com>
      2 ##Morten Andersen <m@qse.no>
      4 ##Mrunal Patel <mrunalp@gmail.com>
      1 ##mscherer <misc@zarb.org>
      5 ##Muhammed Uluyol <uluyol@google.com>
      1 ##Nalin Dahyabhai <nalin@redhat.com>
     37 ##Nan Deng <dengnan@google.com>
      5 ##Nan Monnand Deng <monnand@gmail.com>
      1 ##Naoki Ainoya <ainonic@gmail.com>
      2 ##Nataliia Uvarova <grafinya.uvarova@gmail.com>
      1 ##Nghia Tran <nghia@google.com>
      1 ##Nigel Charman <nigel.charman.nz@gmail.com>
     53 ##nikhiljindal <nikhiljindal18@gmail.com>
     13 ##Nikhil Jindal <nikhiljindal18@gmail.com>
     75 ##nikhiljindal <nikhiljindal@google.com>
     72 ##Nikhil Jindal <nikhiljindal@google.com>
      1 ##Nikolai Prokoschenko <nikolai@prokoschenko.de>
      1 ##oaktowner <ciruli@gmail.com>
      1 ##orangain <orangain@gmail.com>
      4 ##Parth Oberoi <parthoberoi@hotmail.com>
      1 ##Patrick <preilly@php.net>
      9 ##Patrick Reilly <patrick@kismatic.io>
      1 ##Patrick Reilly <preilly@php.net>
      1 ##Patrick Tescher <pat2man@gmail.com>
      1 ##Patryk Dunski <patryk.dunski@kende.pl>
     56 ##Paul Morie <pmorie@gmail.com>
     53 ##Paul Morie <pmorie@redhat.com>
     39 ##Paulo Pires <pjpires@gmail.com>
     11 ##Paul Weil <pweil@redhat.com>
      1 ##Pedro Marques <pedro.r.marques@gmail.com>
      1 ##Peter Lamar <peterrlamar@gmail.com>
      1 ##Peter Novotnak <peter@cyrusbio.com>
      3 ##Phaneendra Chiruvella <hi@pcx.io>
      2 ##PhilippeDupont <pdupont@teads.tv>
      1 ##Philipp Kern <pkern@google.com>
      1 ##Pierre du Plessis <pierre@pcservice.co.za>
     30 ##Pieter Noordhuis <pnoordhuis@vmware.com>
      1 ##Piotr Komborski <piotr.komborski@gmail.com>
      2 ##Piotr Komborski <piotr.komborski@springer.com>
     91 ##Piotr Szczesniak <pszczesniak@google.com>
     78 ##Prashanth Balasubramanian <beeps@google.com>
     18 ##Prashanth B <beeps@google.com>
      1 ##Przemo Nowaczyk <pnowaczyk.mail@gmail.com>
      1 ##Qiu Yu <unicell@gmail.com>
    150 ##Quinton Hoole <quinton@google.com>
      1 ##Quinton Hoole <quinton@quinton-macbookpro.roam.corp.google.com>
      2 ##Rabi Mishra <ramishra@redhat.com>
      1 ##Radek Simko <radek.simko@gmail.com>
      1 ##Rafael Chacon <rafaelchacon@gmail.com>
      2 ##Rafael Chacón <rafaelchacon@gmail.com>
      1 ##Rafal Gajdulewicz <r.gajdulewicz@gmail.com>
      4 ##Rafał Sokołowski <rsokolowski@google.com>
      2 ##Raffaele Di Fazio <raffo_uppuiu@yahoo.it>
      2 ##Ragnar Dahlén <r.dahlen@gmail.com>
      1 ##Rahul <rchoudhury@gmail.com>
     12 ##Rajat Chopra <rchopra@redhat.com>
      6 ##Rajdeep Dua <dua_rajdeep@yahoo.com>
      1 ##Raphael Simon <raphael@rightscale.com>
      4 ##Ravi Gadde <ravi@datawisesystems.com>
      4 ##Ravi Sankar Penta <rpenta@redhat.com>
      6 ##Remco <remco@dutchcoders.io>
      6 ##resouer <resouer@163.com>
      1 ##resouer <resouer@gmail.com>
      2 ##Richard Gooch <rgooch@google.com>
      7 ##Richard Larocque <rlarocque@google.com>
     32 ##RichieEscarez <rescarez@google.com>
      3 ##rimusz <rmocius@gmail.com>
     82 ##Robert Bailey <robertbailey@google.com>
    127 ##Robert Bailey <roberthbailey@users.noreply.github.com>
     48 ##roberthbailey <roberthbailey@users.noreply.github.com>
     49 ##Robert Rati <rrati@redhat.com>
      1 ##Robert Wilson <robert.wilson1717@gmail.com>
      1 ##Rob Landers <landers.robert@gmail.com>
      2 ##Rodolfo Carvalho <rcarvalh@redhat.com>
    169 ##Rohit Jnagal <jnagal@google.com>
      1 ##Ron Alexander <ron.alexander@rackspace.com>
     10 ##rsokolowski <rsokolowski@google.com>
      4 ##Ryan Fowler <rwfowler@gmail.com>
      1 ##Ryan Fowler <ryan.fowler@singlewire.com>
     24 ##Ryan Richard <ryanrichard07@gmail.com>
      1 ##Ryan Richard <ryan.richard@rackspace.com>
      1 ##Ryan Walters <shout@ryanwalters.co>
     48 ##saadali <saadali@google.com>
    146 ##Saad Ali <saadali@google.com>
     14 ##Salvatore Dario Minonne <salvatore-dario.minonne@amadeus.com>
      1 ##Salvatore Dario MINONNE <salvatore-dario.minonne@amadeus.com>
      1 ##Sam Abed <samabed@gmail.com>
     35 ##Sam Ghods <sam@box.com>
     12 ##Sami Wagiaalla <swagiaal@redhat.com>
      1 ##Samuel Marks <samuelmarks@gmail.com>
      1 ##Samuel ROZE <samuel.roze@gmail.com>
      1 ##sandric <kyrychenkoanton@gmail.com>
      1 ##Santosh Sahoo <santoshsahoo@users.noreply.github.com>
      1 ##Satnam Singh <satnam6502@gmail.com>
    195 ##Satnam Singh <satnam@google.com>
    253 ##Satnam Singh <satnam@raintown.org>
      4 ##scollier <emailscottcollier@gmail.com>
      1 ##Scott Collier <emailscottcollier@gmail.com>
      1 ##Scott Creeley <screeley@redhat.com>
      2 ##Scott Dodson <sdodson@redhat.com>
      1 ##Scott Konzem <konzems@gmail.com>
      1 ##scuxiayiqian <scuxiayiqian@gmail.com>
      1 ##Sean Borman <github@seanborman.com>
      1 ##Sean O'Keefe <seano314@users.noreply.github.com>
      1 ##Sebastian Müller <info@sebastian-mueller.net>
      3 ##Sebastien Goasguen <runseb@gmail.com>
      2 ##Sergey Evstifeev <sergey.evstifeev@gmail.com>
      1 ##Sergey Evstifeev <sergey.evstifeev@klarna.com>
      1 ##Seth House <seth@eseth.com>
      1 ##Shai Coleman <git@shaicoleman.com>
      1 ##Shaun Stanworth <shaun@freeformers.com>
     10 ##Shawn Smith <shawnpsmith@gmail.com>
      1 ##Shichao An <anshichao.cn@gmail.com>
      1 ##Shimin Guo <smguo2001@gmail.com>
      1 ##Shlomi Zadok <shlomi@ben-hanna.com>
      1 ##Sidharta Seethana <sidharta.apache@gmail.com>
      1 ##Simone Gotti <simone.gotti@gmail.com>
      1 ##Sreekanth Pothanis <spothanis@ebay.com>
      3 ##Stef Walter <stefw@redhat.com>
      2 ##Steve Kuznetsov <steve.kuznetsov@gmail.com>
      1 ##Steve Milner <smilner@redhat.com>
      3 ##Steve Milner <stevem@gnulinux.net>
     12 ##Steve Reed <sreed@zulily.com>
      1 ##Steve Sloka <slokas@upmc.edu>
      4 ##Steve Watt <swatt@redhat.com>
      1 ##Steve Watt <wattsteve@yahoo.com>
     24 ##Subin M <subin@apache.org>
      4 ##Swapnil Kulkarni <coolsvap@gmail.com>
      2 ##Takeshi Hagikura <shiketa1999@gmail.com>
      7 ##Tamer Tas <tamertas@outlook.com>
     18 ##Thien-Thi Nguyen <tnguyen@redhat.com>
      1 ##Thom May <thom_may@external.mckinsey.com>
      2 ##Thom May <thom@may.lt>
      1 ##Thorsten Scherf <tscherf@redhat.com>
   1039 ##Tim Hockin <thockin@google.com>
     12 ##Timothy St. Clair <tstclair@redhat.com>
     14 ##Tim St. Clair <stclair@google.com>
      1 ##T.Miyake <info@miyake.me>
      5 ##Tobi Knaup <tobi@mesosphere.io>
      1 ##Todd Derr <salty@google.com>
      2 ##Tomás Senart <tomas@mesosphere.io>
      5 ##Tomek Kulczynski <tkulczynski@google.com>
      3 ##Tony Hsu <gosharplite@gmail.com>
      1 ##Travis Beatty <travisby@gmail.com>
      3 ##Trevor Pounds <trevor.pounds@gmail.com>
      1 ##uberj <jaxbr503@gmail.com>
      1 ##Uri Sarid <usarid@gmail.com>
      4 ##Vicken Simonian <vsimon@gmail.com>
      5 ##Victor HU <huruifeng@huawei.com>
    604 ##Victor Marmol <vmarmol@google.com>
      1 ##Vincent Batts <vbatts@redhat.com>
      2 ##Vipin Jain <vipijain@insiemenetworks.com>
    136 ##Vish Kannan <vishh@users.noreply.github.com>
     84 ##Vishnu Kannan <vishnuk@google.com>
      2 ##Vladimir Shcherbakov <shcherbakov.mailbox@gmail.com>
     16 ##Vojtech Vitek (V-Teq) <vvitek@redhat.com>
      1 ##Weiwei Jiang <wjiang@redhat.com>
      1 ##Wes Turner <wes.turner@gmail.com>
      1 ##whitel <langdon@redhat.com>
      8 ##Whit Morriss <whit.morriss@canonical.com>
      3 ##wizard <wizardcxy@126.com>
     11 ##wizard <wizard_cxy@hotmail.com>
    251 ##Wojciech Tyczynski <wojtekt@google.com>
     14 ##Xiang Li <xiang.li@coreos.com>
     15 ##Xiang Li <xiangli.cs@gmail.com>
      1 ##Xingyu Chen <wizard_cxy@hotmail.com>
      2 ##yaoguo <jiangyaoguo@gmail.com>
      1 ##Yaron Rosenbaum <yaronr@users.noreply.github.com>
      1 ##Ye Yin <eyniy@qq.com>
      2 ##Yicheng Qin <qycqycqycqycqyc@gmail.com>
     12 ##Yifan Gu <guyifan1121@gmail.com>
     96 ##Yifan Gu <yifan.gu@coreos.com>
      1 ##YOSHIKAWA Ryota <yoshikawa@heartbeats.jp>
      2 ##you-n-g <afe.young@gmail.com>
     13 ##Young <afe.young@gmail.com>
    221 ##Yu-Ju Hong <yjhong@google.com>
     12 ##Yuki Sonoda (Yugui) <yugui@yugui.jp>
     25 ##Yuki Yugui Sonoda <yugui@google.com>
      3 ##Yves Junqueira <yves.junqueira@gmail.com>
    564 ##Zach Loafman <zml@google.com>
      1 ##Zack Gold <zg@users.noreply.github.com>
      2 ##ZhiMing Zhang <maple_m@hotmail.com>
